,date,u,v,sp
0,2017-11-01,1.1194536685943604,-0.7408894300460815,4.968260765075684
1,2017-11-02,11.525979995727539,-1.205575942993164,11.916878700256348
2,2017-11-03,7.239901065826416,-13.801905632019043,15.653207778930664
3,2017-11-04,-12.477916717529297,-6.075684547424316,15.422774314880371
4,2017-11-05,-8.247138023376465,-4.679782390594482,10.151156425476074
5,2017-11-06,-6.035247325897217,2.5287766456604004,11.768601417541504
6,2017-11-07,-0.6543067693710327,8.56923770904541,9.026847839355469
7,2017-11-08,-0.624500572681427,2.273287534713745,4.145764350891113
8,2017-11-09,-2.6721439361572266,-1.4011412858963013,6.233395576477051
9,2017-11-10,2.9245076179504395,4.0248517990112305,7.518081188201904
10,2017-11-11,-0.7772320508956909,6.169310569763184,6.459206581115723
11,2017-11-12,-14.636466979980469,12.367728233337402,19.79934310913086
12,2017-11-13,-18.345291137695312,0.32876861095428467,18.581195831298828
13,2017-11-14,-9.940006256103516,0.19327062368392944,10.232380867004395
14,2017-11-15,-8.128509521484375,4.282350540161133,10.099724769592285
15,2017-11-16,-17.164382934570312,-2.5123608112335205,17.876544952392578
16,2017-11-17,-17.386838912963867,-5.156582832336426,18.319007873535156
17,2017-11-18,-17.828218460083008,-2.7165367603302,18.126548767089844
18,2017-11-19,-18.281675338745117,-3.5649666786193848,18.688488006591797
19,2017-11-20,-14.363289833068848,3.842223882675171,17.003662109375
20,2017-11-21,-17.215925216674805,5.412357330322266,18.087968826293945
21,2017-11-22,-22.618255615234375,8.673908233642578,24.276159286499023
22,2017-11-23,-15.301291465759277,0.9224942922592163,15.36284065246582
23,2017-11-24,-13.113959312438965,-3.107327699661255,13.675724983215332
24,2017-11-25,-4.015083312988281,-4.298155784606934,7.003518581390381
25,2017-11-26,-6.376605987548828,-3.4796431064605713,7.971131801605225
26,2017-11-27,-21.067548751831055,7.116667747497559,22.40379524230957
27,2017-11-28,-21.577871322631836,2.568051338195801,21.843149185180664
28,2017-11-29,-17.753376007080078,-2.1180737018585205,18.049619674682617
29,2017-11-30,-12.438682556152344,-6.155827045440674,14.081860542297363
30,2017-12-01,-13.9027738571167,-4.944527626037598,15.138116836547852
31,2017-12-02,-24.194408416748047,1.728264331817627,24.385705947875977
32,2017-12-03,-26.663795471191406,2.892143726348877,26.975887298583984
33,2017-12-04,-29.505470275878906,-0.14123430848121643,29.61771011352539
34,2017-12-05,-20.618745803833008,1.226030707359314,20.7863712310791
35,2017-12-06,-25.60384750366211,3.5370934009552,26.070680618286133
36,2017-12-07,-24.28221893310547,-1.3834162950515747,24.539382934570312
37,2017-12-08,-30.784542083740234,-0.030200015753507614,30.92933464050293
38,2017-12-09,-21.34488296508789,-0.9586234092712402,21.761920928955078
39,2017-12-10,-19.056581497192383,0.6975542306900024,19.235374450683594
40,2017-12-11,-31.820207595825195,-0.8163724541664124,31.985322952270508
41,2017-12-12,-26.878671646118164,-1.1511234045028687,27.189992904663086
42,2017-12-13,-28.914098739624023,3.3813111782073975,29.199993133544922
43,2017-12-14,-27.092287063598633,-0.4396539628505707,27.137584686279297
44,2017-12-15,-29.505558013916016,-3.81980299949646,29.8946590423584
45,2017-12-16,-29.478368759155273,-5.728778839111328,30.069316864013672
46,2017-12-17,-17.4644718170166,-6.032527923583984,18.799165725708008
47,2017-12-18,-10.910904884338379,-1.903212070465088,11.649212837219238
48,2017-12-19,-16.63496971130371,4.855292797088623,17.881717681884766
49,2017-12-20,-12.706982612609863,3.3932266235351562,13.698113441467285
50,2017-12-21,0.032999034970998764,2.3150575160980225,5.113828659057617
51,2017-12-22,-9.794429779052734,6.0813517570495605,12.929973602294922
52,2017-12-23,-15.386495590209961,12.787666320800781,20.09145164489746
53,2017-12-24,-17.748037338256836,14.861151695251465,23.51725959777832
54,2017-12-25,-12.290468215942383,8.187838554382324,15.014244079589844
55,2017-12-26,-5.074742794036865,-1.0091418027877808,5.330300807952881
56,2017-12-27,-13.235957145690918,-2.460763454437256,13.490386962890625
57,2017-12-28,-20.524442672729492,5.340985298156738,21.419008255004883
58,2017-12-29,-11.021306991577148,4.356344699859619,12.514114379882812
59,2017-12-30,-2.8117692470550537,-1.6162251234054565,3.550074577331543
60,2017-12-31,1.4918910264968872,-0.3801107704639435,2.1228156089782715
61,2018-01-01,-19.67910385131836,3.827177047729492,20.092134475708008
62,2018-01-02,-21.09079933166504,7.109551906585693,22.341442108154297
63,2018-01-03,-6.369063854217529,2.1817197799682617,6.845546245574951
64,2018-01-04,-1.0021703243255615,-1.8987451791763306,2.992649555206299
65,2018-01-05,-6.873711109161377,-4.802041053771973,8.76001262664795
66,2018-01-06,-9.687390327453613,-5.665649890899658,11.889518737792969
67,2018-01-07,-12.22680950164795,-4.338894367218018,13.911957740783691
68,2018-01-08,-16.2435302734375,3.5757997035980225,18.249103546142578
69,2018-01-09,-16.01129913330078,7.947244167327881,18.297168731689453
70,2018-01-10,-13.765619277954102,6.214771747589111,15.378850936889648
71,2018-01-11,-9.539312362670898,3.6665003299713135,10.314706802368164
72,2018-01-12,-15.9194974899292,4.604976654052734,16.651058197021484
73,2018-01-13,-18.641321182250977,8.877668380737305,20.724374771118164
74,2018-01-14,-10.247305870056152,6.2489118576049805,12.320209503173828
75,2018-01-15,-7.025181770324707,0.46954643726348877,7.213335037231445
76,2018-01-16,-13.352140426635742,1.4219839572906494,13.496800422668457
77,2018-01-17,-21.181921005249023,3.002763032913208,21.651153564453125
78,2018-01-18,-10.392997741699219,2.309906005859375,10.854071617126465
79,2018-01-19,3.176612615585327,-3.8826568126678467,6.187230587005615
80,2018-01-20,4.17251443862915,-5.329287052154541,8.50675106048584
81,2018-01-21,-4.778595447540283,-0.46857374906539917,5.029571533203125
82,2018-01-22,-8.388836860656738,-1.4612252712249756,8.634227752685547
83,2018-01-23,-2.242680549621582,-1.121435284614563,2.7702512741088867
84,2018-01-24,-3.458972215652466,-1.4106382131576538,3.9999351501464844
85,2018-01-25,-2.1046125888824463,-0.723092257976532,2.625344753265381
86,2018-01-26,-1.1091773509979248,-0.945385217666626,1.6256964206695557
87,2018-01-27,-0.3385341763496399,1.2342233657836914,1.8926581144332886
88,2018-01-28,-1.2284307479858398,3.485159158706665,3.8510379791259766
89,2018-01-29,-1.5661548376083374,-1.1950702667236328,2.759023666381836
90,2018-01-30,-1.8846862316131592,-1.1337064504623413,2.4951682090759277
91,2018-01-31,0.3632347285747528,-0.40064582228660583,1.5143649578094482
92,2018-02-01,0.039390552788972855,-0.6454002261161804,1.7126646041870117
93,2018-02-02,2.702392101287842,-4.812596797943115,6.076187610626221
94,2018-02-03,0.5451153516769409,-3.8162729740142822,4.205609321594238
95,2018-02-04,1.6974421739578247,-1.290687918663025,2.760486602783203
96,2018-02-05,1.0206797122955322,-4.0729475021362305,4.502038955688477
97,2018-02-06,-0.8797397017478943,-0.3283533751964569,1.9916051626205444
98,2018-02-07,0.7163330912590027,0.23562626540660858,1.6489790678024292
99,2018-02-08,1.472514033317566,0.5723538994789124,1.9571946859359741
100,2018-02-09,-0.9292497634887695,-0.8977996110916138,1.9982552528381348
101,2018-02-10,-6.845524311065674,4.180081844329834,8.091846466064453
102,2018-02-11,-7.973456382751465,6.058786392211914,10.126566886901855
103,2018-02-12,-13.716835975646973,1.171044111251831,13.891983032226562
104,2018-02-13,-8.604758262634277,-0.7626855373382568,9.475820541381836
105,2018-02-14,-7.245631217956543,0.9171901345252991,8.85256576538086
106,2018-02-15,-3.7148821353912354,-2.100010395050049,5.122439861297607
107,2018-02-16,0.6114105582237244,-4.846599102020264,5.66327428817749
108,2018-02-17,1.1562554836273193,-2.3051626682281494,3.282153844833374
109,2018-02-18,-1.403006672859192,0.12075509130954742,2.883995771408081
110,2018-02-19,-2.014580249786377,3.8569791316986084,4.557132244110107
111,2018-02-20,0.8482128977775574,1.084010362625122,3.259873628616333
112,2018-02-21,4.021118640899658,-1.9094734191894531,4.910804271697998
113,2018-02-22,-0.4658431112766266,-1.3854389190673828,2.018979072570801
114,2018-02-23,3.616250514984131,-5.346834182739258,6.939985752105713
115,2018-02-24,9.117117881774902,-6.082790374755859,11.502681732177734
116,2018-02-25,8.885015487670898,-5.967928409576416,11.81144905090332
117,2018-02-26,0.3718937337398529,-1.3217086791992188,2.171226739883423
118,2018-02-27,0.18241363763809204,-1.2187268733978271,1.5382519960403442
119,2018-02-28,0.7498847246170044,-0.4331407845020294,1.3297152519226074
120,2018-03-01,-3.1524434089660645,1.65973961353302,3.81241512298584
121,2018-03-02,-8.65336799621582,5.405682563781738,10.274418830871582
122,2018-03-03,-6.311798572540283,4.003116130828857,7.695594310760498
123,2018-03-04,-1.4854421615600586,0.531345546245575,2.607606887817383
124,2018-03-05,-5.08756160736084,3.981839656829834,6.567579746246338
125,2018-03-06,-4.23598575592041,3.589369535446167,5.786980628967285
126,2018-03-07,-6.382824897766113,0.36170729994773865,6.685776233673096
127,2018-03-08,-14.870469093322754,1.3386013507843018,15.05512523651123
128,2018-03-09,-18.254039764404297,3.224421501159668,18.71672248840332
129,2018-03-10,-20.458560943603516,3.3332571983337402,20.889310836791992
130,2018-03-11,-22.958284378051758,5.686503887176514,23.81184959411621
131,2018-03-12,-22.285850524902344,5.602921485900879,23.066303253173828
132,2018-03-13,-15.049398422241211,3.4586191177368164,15.584207534790039
133,2018-03-14,-22.218812942504883,6.378714561462402,23.175045013427734
134,2018-03-15,-10.714115142822266,-0.4592777192592621,10.987895011901855
135,2018-03-16,-0.7544185519218445,-1.794007420539856,2.724310874938965
136,2018-03-17,-1.5303248167037964,-1.85196852684021,2.652924060821533
137,2018-03-18,-6.350776672363281,-0.5005256533622742,6.631942272186279
138,2018-03-19,-10.477699279785156,2.073948383331299,10.904593467712402
139,2018-03-20,-2.428391218185425,-0.440782368183136,2.7075493335723877
140,2018-03-21,0.40129217505455017,-1.3646970987319946,2.012010097503662
141,2018-03-22,-2.8826873302459717,0.8423171043395996,3.4504244327545166
142,2018-03-23,-8.662199974060059,2.1022918224334717,9.698225021362305
143,2018-03-24,-10.250706672668457,4.701473712921143,11.842516899108887
144,2018-03-25,-8.236699104309082,2.4262208938598633,8.816326141357422
145,2018-03-26,-9.78445816040039,1.712546944618225,10.14958667755127
146,2018-03-27,-11.193473815917969,3.9479691982269287,12.078571319580078
147,2018-03-28,-11.20984172821045,8.957330703735352,14.548067092895508
148,2018-03-29,-4.667458534240723,3.393789052963257,5.973282814025879
149,2018-03-30,-1.9805903434753418,0.5296518802642822,3.4975152015686035
150,2018-03-31,1.7900978326797485,0.12782131135463715,3.4560706615448
151,2018-04-01,2.0836269855499268,-9.534405708312988,9.836472511291504
152,2018-04-02,-0.965965211391449,-3.989949941635132,4.707564830780029
153,2018-04-03,-4.491556644439697,-2.334569215774536,5.171142578125
154,2018-04-04,-7.955043315887451,-0.18783947825431824,8.102994918823242
155,2018-04-05,-17.624900817871094,4.115985870361328,18.273601531982422
156,2018-04-06,-22.245824813842773,2.2795841693878174,22.44438362121582
157,2018-04-07,-21.686279296875,2.096944808959961,21.94074249267578
158,2018-04-08,-9.504076957702637,1.353206992149353,9.998503684997559
159,2018-04-09,-14.68980884552002,4.731046199798584,15.691911697387695
160,2018-04-10,-16.016986846923828,7.135703086853027,17.703105926513672
161,2018-04-11,-15.152068138122559,3.222163677215576,16.105693817138672
162,2018-04-12,-5.438816547393799,-8.201213836669922,10.210626602172852
163,2018-04-13,0.6525231599807739,-3.880756378173828,4.164307117462158
164,2018-04-14,-1.0654665231704712,-1.570560336112976,2.1853244304656982
165,2018-04-15,-0.8479059338569641,-0.28011107444763184,1.6136925220489502
166,2018-04-16,-2.1299455165863037,0.003116798819974065,2.704932689666748
167,2018-04-17,-5.256746768951416,-0.28637242317199707,5.817569732666016
168,2018-04-18,-5.159072399139404,0.16485841572284698,5.463965892791748
169,2018-04-19,-3.261695146560669,-0.9228128790855408,3.8544259071350098
170,2018-04-20,-0.899659276008606,-0.48820531368255615,1.5357613563537598
171,2018-04-21,1.486786127090454,-0.4746626615524292,1.9828619956970215
172,2018-04-22,-2.4369070529937744,-1.1014199256896973,3.0710222721099854
173,2018-04-23,-9.981305122375488,1.5798718929290771,10.256996154785156
174,2018-04-24,-19.765708923339844,3.8747143745422363,20.55063819885254
175,2018-04-25,-14.44421100616455,3.2859323024749756,14.866537094116211
176,2018-04-26,-5.782506942749023,1.3717224597930908,6.040178298950195
177,2018-04-27,-5.238463401794434,0.2657257914543152,5.750723361968994
178,2018-04-28,-7.238459587097168,1.8387202024459839,7.572145462036133
179,2018-04-29,-20.08976936340332,8.253933906555176,21.81169319152832
180,2018-04-30,-23.703960418701172,5.470573902130127,24.49700355529785
181,2018-05-01,-10.73918342590332,-2.858004331588745,11.51500129699707
182,2018-05-02,-3.7006375789642334,-3.931772470474243,5.7116498947143555
183,2018-05-03,-2.834827184677124,-1.5704394578933716,3.7383928298950195
184,2018-05-04,-3.899378776550293,-2.154587745666504,4.7899603843688965
185,2018-05-05,-12.449812889099121,-0.10072439163923264,12.87271499633789
186,2018-05-06,-2.4917571544647217,-1.1999709606170654,3.0655341148376465
187,2018-05-07,-2.5707497596740723,-0.27096182107925415,3.1876580715179443
188,2018-05-08,-5.689208030700684,0.9971901178359985,6.364869594573975
189,2018-05-09,-13.96557331085205,4.504719257354736,14.814518928527832
190,2018-05-10,-21.162818908691406,5.836287498474121,22.08831024169922
191,2018-05-11,-22.11261558532715,7.652554512023926,23.465206146240234
192,2018-05-12,-13.277400970458984,7.806092262268066,15.94931697845459
193,2018-05-13,-8.64993953704834,7.86305046081543,12.09610366821289
194,2018-05-14,-11.56014633178711,5.855072975158691,13.260916709899902
195,2018-05-15,-12.049433708190918,3.7339675426483154,13.11937427520752
196,2018-05-16,-10.931243896484375,-0.1939360797405243,11.329808235168457
197,2018-05-17,-7.458064079284668,-1.5444374084472656,7.870314598083496
198,2018-05-18,-4.195214748382568,-1.7923732995986938,5.589751243591309
199,2018-05-19,-9.26352310180664,-0.13185656070709229,9.703547477722168
200,2018-05-20,-16.220029830932617,3.250251531600952,16.78549575805664
201,2018-05-21,-19.792743682861328,2.751220941543579,20.119958877563477
202,2018-05-22,-18.00864601135254,2.181727170944214,18.247873306274414
203,2018-05-23,-13.034422874450684,3.5405473709106445,13.925942420959473
204,2018-05-24,-18.362218856811523,3.3754005432128906,18.8020076751709
205,2018-05-25,-14.776310920715332,-2.3818180561065674,15.089640617370605
206,2018-05-26,-14.108631134033203,-2.340407609939575,14.496743202209473
207,2018-05-27,-10.534404754638672,-1.009788155555725,11.059444427490234
208,2018-05-28,-5.066888332366943,-1.6094005107879639,5.874228477478027
209,2018-05-29,-10.967677116394043,3.7643837928771973,11.80318546295166
210,2018-05-30,-15.063455581665039,7.261807441711426,16.99970245361328
211,2018-05-31,-13.416213989257812,3.7404849529266357,13.965168952941895
212,2018-11-01,-1.5357272624969482,4.171914100646973,4.824937343597412
213,2018-11-02,-2.799131393432617,-0.8562788963317871,4.00648832321167
214,2018-11-03,-3.4466235637664795,-1.4717673063278198,4.065115451812744
215,2018-11-04,-10.286897659301758,2.3612239360809326,11.72957706451416
216,2018-11-05,-11.520605087280273,5.6476359367370605,13.58109188079834
217,2018-11-06,-10.859002113342285,13.527969360351562,17.77998161315918
218,2018-11-07,-3.200009822845459,3.1976187229156494,5.396737575531006
219,2018-11-08,-2.0710880756378174,-2.764054536819458,3.67996883392334
220,2018-11-09,-1.5533183813095093,-1.9879150390625,4.601728439331055
221,2018-11-10,-4.739469528198242,-4.040467739105225,7.845942974090576
222,2018-11-11,-5.338191986083984,-0.32508817315101624,6.084253787994385
223,2018-11-12,-5.450705051422119,-2.1149709224700928,6.193432331085205
224,2018-11-13,-1.4214978218078613,-1.0160765647888184,2.9726054668426514
225,2018-11-14,3.937727451324463,-2.269617795944214,6.394844055175781
226,2018-11-15,-2.0113589763641357,-0.2247573733329773,4.846519470214844
227,2018-11-16,-14.728059768676758,5.950608253479004,15.963848114013672
228,2018-11-17,-22.956035614013672,11.872698783874512,25.9277286529541
229,2018-11-18,-25.17409324645996,7.71095085144043,26.344432830810547
230,2018-11-19,-28.529207229614258,9.364899635314941,30.05763053894043
231,2018-11-20,-29.164886474609375,6.034902572631836,29.831920623779297
232,2018-11-21,-34.183837890625,-0.7184274196624756,34.30497360229492
233,2018-11-22,-29.994449615478516,-0.7404395937919617,30.354951858520508
234,2018-11-23,-17.410167694091797,-5.5522894859313965,18.816877365112305
235,2018-11-24,-14.940250396728516,-2.6506619453430176,15.858850479125977
236,2018-11-25,-18.977710723876953,-0.1472403109073639,19.013486862182617
237,2018-11-26,-23.4042911529541,1.4697374105453491,23.49555015563965
238,2018-11-27,-15.908863067626953,-4.050904750823975,16.44147300720215
239,2018-11-28,-22.244354248046875,-6.253748893737793,23.384002685546875
240,2018-11-29,-21.865633010864258,-3.153512716293335,22.398542404174805
241,2018-11-30,-18.97197914123535,0.6850475668907166,19.055383682250977
242,2018-12-01,-18.975425720214844,4.110515594482422,19.46610450744629
243,2018-12-02,-16.27557373046875,2.5434954166412354,16.75223159790039
244,2018-12-03,-6.340847015380859,2.9352612495422363,7.085224628448486
245,2018-12-04,0.874011754989624,-1.0229650735855103,3.4565160274505615
246,2018-12-05,-2.7331550121307373,-1.9018299579620361,4.335836410522461
247,2018-12-06,-3.420003652572632,-5.074816703796387,6.465992450714111
248,2018-12-07,0.3367655277252197,-2.877377510070801,3.952822208404541
249,2018-12-08,-3.6624367237091064,-2.9355316162109375,5.071441173553467
250,2018-12-09,-9.723416328430176,-4.160783290863037,10.791398048400879
251,2018-12-10,-9.077452659606934,-3.570150375366211,9.981038093566895
252,2018-12-11,-14.792854309082031,-1.9428942203521729,15.030198097229004
253,2018-12-12,-17.950742721557617,0.32480674982070923,18.06438636779785
254,2018-12-13,-13.897446632385254,0.15755504369735718,14.078730583190918
255,2018-12-14,-11.588855743408203,3.5590336322784424,12.361289978027344
256,2018-12-15,-7.785877704620361,3.6798040866851807,8.755544662475586
257,2018-12-16,-6.569728374481201,-0.19028818607330322,6.761487007141113
258,2018-12-17,-1.250832438468933,-0.06327519565820694,1.9538276195526123
259,2018-12-18,-1.1200281381607056,-0.4036392569541931,1.7767155170440674
260,2018-12-19,-0.21011079847812653,-0.5690780282020569,1.3170558214187622
261,2018-12-20,-1.2690372467041016,-1.865598201751709,2.9314470291137695
262,2018-12-21,-2.8030543327331543,-3.2133429050445557,4.543083667755127
263,2018-12-22,-2.372474431991577,-2.772934913635254,3.7125141620635986
264,2018-12-23,-0.7977197170257568,-1.5616103410720825,2.0612428188323975
265,2018-12-24,-2.474182367324829,-0.681564450263977,2.8928143978118896
266,2018-12-25,-13.539667129516602,6.185789108276367,15.199868202209473
267,2018-12-26,-16.086132049560547,15.723478317260742,22.56640625
268,2018-12-27,-8.24718189239502,10.35892391204834,13.73605728149414
269,2018-12-28,-2.927959680557251,-0.3520725667476654,3.89497971534729
270,2018-12-29,-1.2656598091125488,0.05721600353717804,1.4787155389785767
271,2018-12-30,-2.613365888595581,1.1354550123214722,3.11110520362854
272,2018-12-31,-3.4713563919067383,0.2997116148471832,3.8169591426849365
273,2019-01-01,-20.492334365844727,2.117987871170044,20.63926124572754
274,2019-01-02,-18.514118194580078,0.8875694870948792,18.687908172607422
275,2019-01-03,-5.982675075531006,0.934111475944519,6.729036331176758
276,2019-01-04,2.0991616249084473,0.2795538902282715,3.263157606124878
277,2019-01-05,-4.567652702331543,-1.7925047874450684,5.26749324798584
278,2019-01-06,0.9500136971473694,-0.06690963357686996,1.407726764678955
279,2019-01-07,-0.1252148300409317,-1.0295581817626953,1.3300285339355469
280,2019-01-08,-0.14698217809200287,0.331149697303772,1.0361460447311401
281,2019-01-09,-1.5637681484222412,-0.6937717199325562,1.832619309425354
282,2019-01-10,-9.911025047302246,-1.5413553714752197,10.048805236816406
283,2019-01-11,-7.952545642852783,-1.8180325031280518,8.260764122009277
284,2019-01-12,-6.828453540802002,-1.145073413848877,6.99224328994751
285,2019-01-13,-20.62252426147461,6.125918865203857,21.643815994262695
286,2019-01-14,-22.237899780273438,7.466432571411133,23.629846572875977
287,2019-01-15,-17.301071166992188,12.085925102233887,21.28550148010254
288,2019-01-16,-14.35038948059082,12.485179901123047,19.147899627685547
289,2019-01-17,-14.985074043273926,9.825913429260254,18.13580322265625
290,2019-01-18,-14.859487533569336,7.866246700286865,17.02200698852539
291,2019-01-19,-7.7147536277771,2.1796371936798096,8.215375900268555
292,2019-01-20,-1.7648570537567139,0.7648072838783264,2.786661386489868
293,2019-01-21,-8.329556465148926,-5.818660259246826,10.690519332885742
294,2019-01-22,-8.696893692016602,0.9774320721626282,8.888737678527832
295,2019-01-23,-15.09578800201416,0.7754574418067932,15.182815551757812
296,2019-01-24,-11.860147476196289,-0.5707067847251892,12.077903747558594
297,2019-01-25,-20.90297508239746,-0.6726630926132202,21.046953201293945
298,2019-01-26,-16.31661605834961,1.8221019506454468,17.067127227783203
299,2019-01-27,-16.3131046295166,12.205562591552734,20.721824645996094
300,2019-01-28,-8.440299034118652,3.8092050552368164,10.014182090759277
301,2019-01-29,0.04162195324897766,-4.918041229248047,6.012324810028076
302,2019-01-30,1.1070969104766846,-6.546746730804443,6.790015697479248
303,2019-01-31,-0.8387136459350586,-0.8066914081573486,1.7435909509658813
304,2019-02-01,-9.04904556274414,2.2432899475097656,9.42699146270752
305,2019-02-02,-11.614715576171875,7.782291889190674,14.168350219726562
306,2019-02-03,-11.612817764282227,8.265336036682129,14.477762222290039
307,2019-02-04,1.164162278175354,1.7073744535446167,3.134303092956543
308,2019-02-05,-6.104124069213867,0.7759661674499512,6.356373310089111
309,2019-02-06,-11.613439559936523,7.336820602416992,13.842063903808594
310,2019-02-07,-7.31585168838501,12.577815055847168,14.81882095336914
311,2019-02-08,4.259346008300781,2.777846336364746,5.457132339477539
312,2019-02-09,-4.288450241088867,-3.6656088829040527,6.809403896331787
313,2019-02-10,-0.7146099805831909,6.627636909484863,7.156357765197754
314,2019-02-11,-3.0133755207061768,-0.44117698073387146,4.390926361083984
315,2019-02-12,-2.183990240097046,-3.176678419113159,4.192222595214844
316,2019-02-13,2.07234525680542,-7.314889907836914,7.828691482543945
317,2019-02-14,-2.4902098178863525,0.12428469955921173,2.9154372215270996
318,2019-02-15,-9.423359870910645,7.490232467651367,12.13430404663086
319,2019-02-16,-6.008984088897705,6.8456315994262695,9.202022552490234
320,2019-02-17,-5.406095504760742,3.9305219650268555,6.927890777587891
321,2019-02-18,-6.748645305633545,4.479475975036621,8.272985458374023
322,2019-02-19,-3.5408613681793213,-5.247250556945801,6.478353977203369
323,2019-02-20,-0.03362668678164482,-1.9360601902008057,2.5316009521484375
324,2019-02-21,-1.6651177406311035,-2.2268340587615967,3.4189231395721436
325,2019-02-22,-2.2997679710388184,2.217116117477417,3.4809389114379883
326,2019-02-23,2.3708221912384033,4.898533344268799,5.519693851470947
327,2019-02-24,1.7644842863082886,2.3943591117858887,3.879345417022705
328,2019-02-25,6.435992240905762,-1.7256510257720947,6.849140644073486
329,2019-02-26,-3.5207488536834717,-0.35345223546028137,4.305277347564697
330,2019-02-27,-2.3568615913391113,5.872147083282471,6.812222957611084
331,2019-02-28,-6.776877403259277,7.619507312774658,10.527289390563965
332,2019-03-01,-8.247803688049316,8.086198806762695,11.793289184570312
333,2019-03-02,1.1170213222503662,4.8881707191467285,5.222029685974121
334,2019-03-03,2.859119415283203,-1.8136975765228271,3.93174409866333
335,2019-03-04,0.6804687976837158,0.5324105024337769,2.215726852416992
336,2019-03-05,-3.1573922634124756,1.369543433189392,3.7550063133239746
337,2019-03-06,-0.6240636706352234,0.9463504552841187,1.9735023975372314
338,2019-03-07,-2.6181674003601074,-2.887103319168091,4.3927130699157715
339,2019-03-08,-9.150224685668945,2.4709019660949707,9.664307594299316
340,2019-03-09,-6.675537586212158,-2.1914374828338623,7.193775653839111
341,2019-03-10,-5.922765254974365,-5.408780097961426,8.079878807067871
342,2019-03-11,-3.424894332885742,-6.417896747589111,7.422790050506592
343,2019-03-12,0.5773010849952698,-1.3086305856704712,2.0528340339660645
344,2019-03-13,-8.171217918395996,0.9970124959945679,8.558463096618652
345,2019-03-14,-21.212356567382812,5.3720293045043945,21.988258361816406
346,2019-03-15,-9.895769119262695,2.091010808944702,10.304265022277832
347,2019-03-16,-17.324108123779297,3.8578920364379883,17.789649963378906
348,2019-03-17,-7.017691135406494,2.851862907409668,7.67978572845459
349,2019-03-18,-5.594989776611328,1.2102817296981812,6.049201488494873
350,2019-03-19,0.5751926898956299,-1.2871341705322266,2.9194400310516357
351,2019-03-20,0.5754004716873169,0.633669912815094,1.7161891460418701
352,2019-03-21,-3.8794283866882324,-2.163426637649536,4.555537700653076
353,2019-03-22,-12.210124015808105,3.2376229763031006,12.792057037353516
354,2019-03-23,-11.238893508911133,5.267624855041504,12.5568265914917
355,2019-03-24,-2.991471767425537,0.05103267729282379,3.699946165084839
356,2019-03-25,-5.204500198364258,0.7569810152053833,5.516514778137207
357,2019-03-26,-8.488134384155273,3.691925287246704,9.838380813598633
358,2019-03-27,2.1263368129730225,1.9373217821121216,4.074501991271973
359,2019-03-28,5.575010776519775,-1.6696850061416626,6.242876052856445
360,2019-03-29,2.77402663230896,-2.5357248783111572,4.479008674621582
361,2019-03-30,6.372743129730225,-2.4225587844848633,7.410879611968994
362,2019-03-31,4.29306697845459,-4.260156631469727,6.23384428024292
363,2019-04-01,-0.028288602828979492,-2.752763271331787,3.1518263816833496
364,2019-04-02,-2.390562057495117,-1.1876404285430908,3.2180137634277344
365,2019-04-03,-1.096237063407898,-1.3000986576080322,2.082061767578125
366,2019-04-04,1.9657142162322998,1.144773006439209,2.4749207496643066
367,2019-04-05,-4.109065055847168,0.6706458926200867,4.333584308624268
368,2019-04-06,-8.156949043273926,-1.276427149772644,8.320646286010742
369,2019-04-07,-3.9656691551208496,-0.7557337880134583,4.110101699829102
370,2019-04-08,-0.950792670249939,-0.23868140578269958,2.230649471282959
371,2019-04-09,-1.0383739471435547,-0.921780526638031,3.0737903118133545
372,2019-04-10,-7.503787517547607,2.2934939861297607,7.9911274909973145
373,2019-04-11,-16.039003372192383,2.5651752948760986,16.499473571777344
374,2019-04-12,-17.546260833740234,2.365731954574585,17.842655181884766
375,2019-04-13,-13.982270240783691,3.346717119216919,14.60588264465332
376,2019-04-14,-10.569796562194824,5.732614994049072,12.113655090332031
377,2019-04-15,-7.896119594573975,2.5591557025909424,8.434717178344727
378,2019-04-16,-6.693139553070068,1.527239203453064,7.077455043792725
379,2019-04-17,-10.322371482849121,-2.837348222732544,10.78972053527832
380,2019-04-18,-4.576019287109375,-1.2506380081176758,5.038077354431152
381,2019-04-19,-8.294656753540039,2.3725745677948,8.796485900878906
382,2019-04-20,-9.046180725097656,1.7969110012054443,9.259424209594727
383,2019-04-21,-4.368716716766357,0.9024391770362854,4.963646411895752
384,2019-04-22,-13.259886741638184,-0.6519574522972107,13.430357933044434
385,2019-04-23,-11.081642150878906,-0.48365846276283264,11.359795570373535
386,2019-04-24,-9.780791282653809,-0.4597827196121216,10.265314102172852
387,2019-04-25,-6.406601905822754,-1.410869836807251,7.12769889831543
388,2019-04-26,0.38123857975006104,-0.05832908675074577,3.195699691772461
389,2019-04-27,0.07467935234308243,0.1388033926486969,2.754892110824585
390,2019-04-28,0.06306908279657364,2.3077778816223145,4.189551830291748
391,2019-04-29,0.14400559663772583,0.7715327739715576,1.7633882761001587
392,2019-04-30,1.5059967041015625,-0.6348850131034851,1.8985506296157837
393,2019-05-01,-6.986052989959717,2.7061843872070312,7.820919513702393
394,2019-05-02,-12.381417274475098,8.339280128479004,15.045877456665039
395,2019-05-03,-11.899576187133789,9.797347068786621,15.638958930969238
396,2019-05-04,-12.657367706298828,5.84426736831665,14.467543601989746
397,2019-05-05,-12.567082405090332,1.4672943353652954,12.832486152648926
398,2019-05-06,-9.92825984954834,1.6670148372650146,10.247851371765137
399,2019-05-07,-5.33784294128418,-0.9271788001060486,6.409259796142578
400,2019-05-08,-10.242115020751953,-1.207338571548462,10.52370834350586
401,2019-05-09,-7.172571182250977,-2.0291905403137207,7.737288475036621
402,2019-05-10,-13.574132919311523,2.014155149459839,13.903547286987305
403,2019-05-11,-11.624053001403809,3.0491206645965576,12.132019996643066
404,2019-05-12,-3.159487724304199,4.370480060577393,5.5711541175842285
405,2019-05-13,-3.568791627883911,2.036661148071289,4.291680335998535
406,2019-05-14,-12.134364128112793,4.740244388580322,13.179157257080078
407,2019-05-15,-14.99572467803955,6.68864631652832,16.5539608001709
408,2019-05-16,-15.57313060760498,6.558549404144287,16.96628189086914
409,2019-05-17,-11.620992660522461,3.551952600479126,12.326571464538574
410,2019-05-18,-16.69817543029785,6.4322075843811035,17.998586654663086
411,2019-05-19,-12.103508949279785,5.764993667602539,13.469704627990723
412,2019-05-20,-10.251453399658203,5.389005184173584,11.618330955505371
413,2019-05-21,-8.547436714172363,4.418363571166992,9.665541648864746
414,2019-05-22,-1.6620129346847534,2.6542274951934814,3.3718929290771484
415,2019-05-23,-0.7258543372154236,0.657513439655304,1.1860249042510986
416,2019-05-24,1.6354151964187622,-0.059336524456739426,2.274184465408325
417,2019-05-25,0.9342648386955261,-3.835602283477783,4.267305374145508
418,2019-05-26,-1.1206125020980835,-0.6680342555046082,1.4788120985031128
419,2019-05-27,-5.356601238250732,1.2198777198791504,5.525227069854736
420,2019-05-28,-8.650223731994629,5.0292840003967285,10.025484085083008
421,2019-05-29,-6.697563171386719,2.9778504371643066,7.367353916168213
422,2019-05-30,-5.33683443069458,3.0394718647003174,6.224411487579346
423,2019-05-31,-8.027798652648926,3.1235909461975098,8.692951202392578
424,2019-11-01,-2.891352653503418,-3.3629651069641113,4.633049011230469
425,2019-11-02,-4.728729724884033,0.6585097312927246,4.822554588317871
426,2019-11-03,-3.7530100345611572,-1.8108007907867432,4.273349761962891
427,2019-11-04,-4.805795669555664,-0.2572404444217682,5.579521656036377
428,2019-11-05,-5.0875396728515625,-3.0349631309509277,6.051002502441406
429,2019-11-06,-4.193422317504883,-5.780162334442139,7.317005157470703
430,2019-11-07,-10.972311973571777,-6.824549198150635,13.117537498474121
431,2019-11-08,-7.105663776397705,3.4919657707214355,8.64792537689209
432,2019-11-09,-4.741927146911621,2.5975148677825928,5.6701860427856445
433,2019-11-10,0.6341543197631836,-2.031055212020874,3.1538071632385254
434,2019-11-11,-4.870803356170654,-11.618956565856934,12.654915809631348
435,2019-11-12,-6.303344249725342,-16.036941528320312,17.306840896606445
436,2019-11-13,-5.395239353179932,-4.589631080627441,7.329990863800049
437,2019-11-14,-4.708552837371826,-3.730613946914673,6.349283695220947
438,2019-11-15,-2.807356595993042,-1.013627290725708,4.000801086425781
439,2019-11-16,-2.1716809272766113,-0.7255009412765503,3.3513145446777344
440,2019-11-17,-1.7386220693588257,2.981555938720703,4.7371087074279785
441,2019-11-18,-4.781602382659912,2.748340368270874,6.645838260650635
442,2019-11-19,-11.025303840637207,5.67996883392334,12.616969108581543
443,2019-11-20,-14.06159782409668,4.061600208282471,14.74316120147705
444,2019-11-21,-11.588554382324219,0.29744434356689453,11.770844459533691
445,2019-11-22,-14.354926109313965,0.17188814282417297,14.690342903137207
446,2019-11-23,-6.254980564117432,0.3010580539703369,7.273481845855713
447,2019-11-24,2.429349899291992,-9.425804138183594,10.444397926330566
448,2019-11-25,2.4135749340057373,-0.32667142152786255,5.956898212432861
449,2019-11-26,-13.709147453308105,8.853694915771484,17.065982818603516
450,2019-11-27,-15.163273811340332,5.57528829574585,16.750791549682617
451,2019-11-28,-0.0707799643278122,-0.09025441855192184,3.2794320583343506
452,2019-11-29,4.793066024780273,-4.183013439178467,6.680572032928467
453,2019-11-30,-7.691774368286133,-1.0792546272277832,7.929594993591309
454,2019-12-01,-14.409041404724121,5.958777904510498,15.85464859008789
455,2019-12-02,-13.109530448913574,-0.41680431365966797,13.601552963256836
456,2019-12-03,-2.6782732009887695,-6.021362781524658,7.233157634735107
457,2019-12-04,5.99569845199585,-10.693482398986816,12.588866233825684
458,2019-12-05,3.4492931365966797,-8.385725021362305,9.308131217956543
459,2019-12-06,-2.467167377471924,-2.106196165084839,3.5130605697631836
460,2019-12-07,-16.007646560668945,4.944493770599365,16.7902774810791
461,2019-12-08,-20.811092376708984,8.429177284240723,22.529682159423828
462,2019-12-09,-12.900869369506836,6.377821445465088,14.606409072875977
463,2019-12-10,-12.414511680603027,6.16863489151001,13.940217018127441
464,2019-12-11,-16.984941482543945,13.194268226623535,21.750146865844727
465,2019-12-12,-13.30201244354248,9.103436470031738,16.560165405273438
466,2019-12-13,-12.093059539794922,7.211418151855469,14.104594230651855
467,2019-12-14,-16.435937881469727,5.56817626953125,17.81659698486328
468,2019-12-15,-9.14144515991211,6.287631988525391,11.595134735107422
469,2019-12-16,-16.18307113647461,5.7031707763671875,17.742250442504883
470,2019-12-17,-19.725666046142578,5.105275630950928,20.920499801635742
471,2019-12-18,-11.923972129821777,-3.3706438541412354,12.927141189575195
472,2019-12-19,-6.123439788818359,-3.1950206756591797,7.701108932495117
473,2019-12-20,-6.018748760223389,-6.384476184844971,10.079456329345703
474,2019-12-21,-7.058652877807617,-2.5719046592712402,7.96879768371582
475,2019-12-22,-7.342397689819336,-2.887061357498169,8.064033508300781
476,2019-12-23,-3.234799861907959,-2.793949604034424,4.513941287994385
477,2019-12-24,-3.0480268001556396,-1.2603212594985962,3.5926811695098877
478,2019-12-25,-2.494471311569214,-0.8590646982192993,2.794947862625122
479,2019-12-26,0.542404294013977,-1.4987655878067017,1.9512749910354614
480,2019-12-27,1.7780156135559082,-1.7445305585861206,2.7890982627868652
481,2019-12-28,9.11710262298584,-2.3225390911102295,9.720268249511719
482,2019-12-29,0.7080411911010742,-2.4793100357055664,3.6793813705444336
483,2019-12-30,-7.929640293121338,-0.5157426595687866,8.029170989990234
484,2019-12-31,-2.4720072746276855,-2.5730156898498535,3.7449350357055664
485,2020-01-01,-10.76598834991455,-8.391475677490234,13.92845630645752
486,2020-01-02,-11.678596496582031,-2.686155319213867,12.262347221374512
487,2020-01-03,-9.054946899414062,-1.3521136045455933,9.330362319946289
488,2020-01-04,-3.5631041526794434,-0.3579457104206085,3.8970537185668945
489,2020-01-05,-1.8173328638076782,-1.6904833316802979,2.7648074626922607
490,2020-01-06,0.9437862634658813,0.36358335614204407,1.4576773643493652
491,2020-01-07,-0.5693994760513306,-0.330402672290802,1.681075096130371
492,2020-01-08,-0.11947453022003174,0.337033212184906,1.2203320264816284
493,2020-01-09,1.8611727952957153,-0.2727649211883545,2.278456449508667
494,2020-01-10,-2.751063585281372,-0.2217468023300171,2.9725632667541504
495,2020-01-11,-5.9967546463012695,6.812911510467529,9.445930480957031
496,2020-01-12,-7.070682525634766,10.999126434326172,13.164438247680664
497,2020-01-13,-0.8241647481918335,2.8549110889434814,4.366465091705322
498,2020-01-14,14.36314582824707,-8.019472122192383,16.553733825683594
499,2020-01-15,8.354657173156738,-2.935044050216675,9.609850883483887
500,2020-01-16,-2.3417446613311768,8.411373138427734,9.423833847045898
501,2020-01-17,0.9635648131370544,4.224819183349609,5.95833158493042
502,2020-01-18,-10.780136108398438,1.3447480201721191,11.018953323364258
503,2020-01-19,-10.190220832824707,4.5226640701293945,11.208200454711914
504,2020-01-20,-4.84033203125,5.159791946411133,7.430141448974609
505,2020-01-21,-21.314313888549805,8.433135032653809,23.07672882080078
506,2020-01-22,-3.470475912094116,2.750149726867676,5.014626502990723
507,2020-01-23,3.218168020248413,-1.869388222694397,4.068212032318115
508,2020-01-24,2.4053149223327637,-4.578989505767822,5.512324333190918
509,2020-01-25,1.7629245519638062,-4.246940612792969,4.820112228393555
510,2020-01-26,2.4771692752838135,-0.4495069980621338,2.7873289585113525
511,2020-01-27,-2.1751315593719482,-1.010473608970642,2.659667730331421
512,2020-01-28,4.573326110839844,0.8531914353370667,5.020825386047363
513,2020-01-29,-3.412533760070801,-1.2009351253509521,3.7757081985473633
514,2020-01-30,-2.9202418327331543,0.3626425564289093,3.2538177967071533
515,2020-01-31,0.5596548914909363,-0.4647493362426758,1.434206247329712
516,2020-02-01,5.155267715454102,2.7560782432556152,6.010376453399658
517,2020-02-02,3.4040067195892334,0.7244256734848022,4.002376556396484
518,2020-02-03,-5.516348838806152,-0.048777975142002106,5.807861328125
519,2020-02-04,1.9557594060897827,0.44422802329063416,3.334048271179199
520,2020-02-05,-10.968332290649414,-1.8308228254318237,11.489599227905273
521,2020-02-06,1.5573136806488037,-3.8331007957458496,4.699589729309082
522,2020-02-07,6.372287273406982,3.0748844146728516,7.400145053863525
523,2020-02-08,-2.690416097640991,-1.3266654014587402,3.5049731731414795
524,2020-02-09,2.4208710193634033,1.135285496711731,3.7859888076782227
525,2020-02-10,-1.714484691619873,-3.052917003631592,3.732200860977173
526,2020-02-11,-4.344668388366699,-0.02140296995639801,4.911864280700684
527,2020-02-12,-0.7190898060798645,-0.28864794969558716,1.264469861984253
528,2020-02-13,-0.3872099220752716,-0.277152419090271,1.6666810512542725
529,2020-02-14,4.851449012756348,0.7933543920516968,5.365119934082031
530,2020-02-15,-11.85232162475586,2.1692593097686768,12.131281852722168
531,2020-02-16,-1.746698021888733,1.858642578125,2.931642770767212
532,2020-02-17,-2.427008628845215,-0.2647009789943695,2.9246246814727783
533,2020-02-18,-3.7790329456329346,2.55886173248291,4.975427150726318
534,2020-02-19,-8.128741264343262,-0.8928358554840088,8.284794807434082
535,2020-02-20,-14.340479850769043,-0.211737260222435,14.37353515625
536,2020-02-21,-1.2650947570800781,-0.4086642563343048,3.2237865924835205
537,2020-02-22,-1.7411513328552246,1.0423450469970703,2.3306233882904053
538,2020-02-23,1.674375057220459,0.6453092694282532,2.093989372253418
539,2020-02-24,-0.9757627248764038,0.48546355962753296,1.6703948974609375
540,2020-02-25,-1.9085949659347534,0.0748148038983345,2.585252285003662
541,2020-02-26,10.225077629089355,-3.8915233612060547,11.01358699798584
542,2020-02-27,-2.7441442012786865,2.4672322273254395,4.858623027801514
543,2020-02-28,4.455374240875244,2.393505573272705,5.153745174407959
544,2020-02-29,0.37421584129333496,-0.4240272641181946,1.8195232152938843
545,2020-03-01,-0.930069088935852,-1.551102638244629,2.308598279953003
546,2020-03-02,-2.0258800983428955,0.5119833946228027,2.7525196075439453
547,2020-03-03,0.38065704703330994,-0.06292834877967834,0.9598608613014221
548,2020-03-04,1.3102314472198486,-0.6248454451560974,1.7824205160140991
549,2020-03-05,-0.796843409538269,1.8226244449615479,2.2997405529022217
550,2020-03-06,-2.762277841567993,4.686430931091309,5.806651592254639
551,2020-03-07,-1.6441559791564941,1.750048279762268,2.695201873779297
552,2020-03-08,-0.04209931939840317,-1.3257132768630981,1.7222249507904053
553,2020-03-09,-1.8501862287521362,-0.8562163710594177,2.2781126499176025
554,2020-03-10,1.4211441278457642,0.36474645137786865,2.075228214263916
555,2020-03-11,-1.4224134683609009,1.7819877862930298,2.6052098274230957
556,2020-03-12,6.846801280975342,8.75043773651123,11.274104118347168
557,2020-03-13,24.041027069091797,-0.822200357913971,24.475215911865234
558,2020-03-14,22.615436553955078,-7.650373458862305,24.203327178955078
559,2020-03-15,3.964740514755249,0.1580006331205368,5.152176380157471
560,2020-03-16,3.767911911010742,1.1945335865020752,4.201392650604248
561,2020-03-17,-3.295368194580078,5.514614582061768,7.0676679611206055
562,2020-03-18,7.762657165527344,6.050567150115967,10.024469375610352
563,2020-03-19,6.623423099517822,4.7683892250061035,8.243876457214355
564,2020-03-20,9.527626037597656,-2.3131444454193115,10.000929832458496
565,2020-03-21,9.927030563354492,-3.5519797801971436,10.78973388671875
566,2020-03-22,3.533493995666504,-2.032925844192505,4.338347911834717
567,2020-03-23,-0.9625301957130432,1.1090426445007324,2.16194748878479
568,2020-03-24,2.4811947345733643,-2.3693418502807617,3.713472604751587
569,2020-03-25,5.1342315673828125,-4.390632629394531,6.8597331047058105
570,2020-03-26,-0.6510776281356812,-2.5674102306365967,3.0934340953826904
571,2020-03-27,0.452417254447937,-0.8723207116127014,1.4390896558761597
572,2020-03-28,-0.4931288957595825,1.1274542808532715,1.5408251285552979
573,2020-03-29,-0.8016730546951294,2.82686448097229,3.2263123989105225
574,2020-03-30,-1.443441390991211,5.085627555847168,5.481360912322998
575,2020-03-31,-1.1719970703125,7.268838405609131,7.81814432144165
576,2020-04-01,-4.033573627471924,4.98378324508667,6.670141220092773
577,2020-04-02,-10.528728485107422,11.345885276794434,15.709738731384277
578,2020-04-03,-7.405388355255127,4.202466011047363,9.601189613342285
579,2020-04-04,-1.757825493812561,5.984766483306885,6.574522018432617
580,2020-04-05,-8.173175811767578,3.369464635848999,10.285896301269531
581,2020-04-06,0.259567528963089,-1.5241189002990723,3.489773750305176
582,2020-04-07,8.025262832641602,-2.1242527961730957,8.531526565551758
583,2020-04-08,-2.205681800842285,0.8756963610649109,3.362968921661377
584,2020-04-09,1.554699420928955,0.6839861869812012,2.5005247592926025
585,2020-04-10,4.820854187011719,-1.4573493003845215,5.240966320037842
586,2020-04-11,6.168266296386719,5.611329555511475,8.529394149780273
587,2020-04-12,-0.3748617172241211,1.043473243713379,2.3881733417510986
588,2020-04-13,-0.7686868906021118,-2.2206737995147705,3.2201385498046875
589,2020-04-14,-1.9919023513793945,-0.5527649521827698,3.5649116039276123
590,2020-04-15,-10.821133613586426,2.55171799659729,11.317046165466309
591,2020-04-16,-11.39138412475586,-0.35492628812789917,11.584412574768066
592,2020-04-17,-1.8025575876235962,-0.8903340101242065,3.5168190002441406
593,2020-04-18,0.7833846807479858,-8.470051765441895,8.75118350982666
594,2020-04-19,3.6001806259155273,-3.8936526775360107,5.4261555671691895
595,2020-04-20,3.17682147026062,-2.804212808609009,4.505548477172852
596,2020-04-21,9.327764511108398,-5.276986598968506,10.931478500366211
597,2020-04-22,1.3773375749588013,-3.096886396408081,4.343977451324463
598,2020-04-23,-3.008693218231201,0.34551841020584106,3.651780366897583
599,2020-04-24,0.683436930179596,1.7635502815246582,2.5266542434692383
600,2020-04-25,-3.409958839416504,5.092029571533203,6.455977439880371
601,2020-04-26,6.320165157318115,-0.9477666020393372,6.908120632171631
602,2020-04-27,-0.9284487962722778,-2.8044064044952393,4.031367778778076
603,2020-04-28,-1.3805367946624756,-1.434521198272705,2.1680593490600586
604,2020-04-29,-0.5329238772392273,0.4352664649486542,1.1342403888702393
605,2020-04-30,-4.076347351074219,4.658078670501709,6.594813823699951
606,2020-05-01,-3.36855411529541,0.9495319128036499,3.8586297035217285
607,2020-05-02,0.37667116522789,-3.0159568786621094,3.662236452102661
608,2020-05-03,2.2782177925109863,-0.5301015973091125,2.6899161338806152
609,2020-05-04,-11.828386306762695,0.6245927214622498,12.234628677368164
610,2020-05-05,-2.806791305541992,0.5680800676345825,3.434735059738159
611,2020-05-06,-6.505411148071289,-0.39697974920272827,6.929742813110352
612,2020-05-07,-11.402298927307129,6.179072856903076,13.279583930969238
613,2020-05-08,-10.199291229248047,8.310246467590332,13.38615894317627
614,2020-05-09,-4.225998878479004,4.926775932312012,6.6487956047058105
615,2020-05-10,-6.578686714172363,-3.079906702041626,7.748567581176758
616,2020-05-11,-13.605220794677734,0.22965160012245178,13.840596199035645
617,2020-05-12,-22.728897094726562,3.1737561225891113,23.23236656188965
618,2020-05-13,-9.85531234741211,-1.469380497932434,10.351178169250488
619,2020-05-14,-10.444968223571777,-3.893537998199463,11.6898775100708
620,2020-05-15,-1.2102429866790771,-5.284038066864014,5.96550989151001
621,2020-05-16,-3.779066562652588,-4.116413593292236,5.999687671661377
622,2020-05-17,2.487717390060425,0.27491188049316406,3.1201632022857666
623,2020-05-18,-7.808538913726807,-2.5407352447509766,8.391446113586426
624,2020-05-19,-3.005030632019043,0.20170767605304718,3.8173725605010986
625,2020-05-20,-0.13142076134681702,0.11915595829486847,2.0556349754333496
626,2020-05-21,-10.503552436828613,3.2595651149749756,11.209660530090332
627,2020-05-22,-17.10700225830078,6.560778617858887,18.777334213256836
628,2020-05-23,-18.50824546813965,7.552295684814453,20.10103416442871
629,2020-05-24,-19.486600875854492,6.057405948638916,20.4168701171875
630,2020-05-25,-14.20730972290039,5.649830341339111,15.434114456176758
631,2020-05-26,-12.018218994140625,4.8508076667785645,13.360520362854004
632,2020-05-27,-7.435138702392578,5.315570831298828,9.362763404846191
633,2020-05-28,-2.906450033187866,1.5833251476287842,3.8352057933807373
634,2020-05-29,-2.087702751159668,0.5553363561630249,3.0553441047668457
635,2020-05-30,-6.945777416229248,4.641511917114258,8.689801216125488
636,2020-05-31,-10.597612380981445,5.554120063781738,12.018909454345703
637,2020-11-01,8.327476501464844,-4.889254570007324,9.928921699523926
638,2020-11-02,7.397499084472656,-5.658438205718994,9.86548137664795
639,2020-11-03,8.946136474609375,-5.3808698654174805,11.735591888427734
640,2020-11-04,18.958152770996094,-0.16203849017620087,19.11605453491211
641,2020-11-05,5.80676794052124,2.040236473083496,8.399478912353516
642,2020-11-06,3.11967396736145,1.6541357040405273,5.185543060302734
643,2020-11-07,2.169384241104126,-2.5508217811584473,9.04045581817627
644,2020-11-08,-4.240379333496094,-1.5716158151626587,4.881259441375732
645,2020-11-09,-8.645886421203613,-2.734334945678711,10.84774398803711
646,2020-11-10,-22.965412139892578,5.7893595695495605,23.969879150390625
647,2020-11-11,-26.73992919921875,3.778653621673584,27.068660736083984
648,2020-11-12,-12.038475036621094,-1.5765825510025024,12.504777908325195
649,2020-11-13,5.896922588348389,-12.27387809753418,13.820357322692871
650,2020-11-14,18.987743377685547,-15.891000747680664,25.00472640991211
651,2020-11-15,6.486631870269775,-9.120796203613281,11.855169296264648
652,2020-11-16,12.165514945983887,-1.3100656270980835,12.425280570983887
653,2020-11-17,-1.1514582633972168,-1.3556357622146606,4.278352737426758
654,2020-11-18,3.930915117263794,3.1502366065979004,5.44770622253418
655,2020-11-19,-1.260687232017517,-1.2229459285736084,4.0848236083984375
656,2020-11-20,-10.749368667602539,4.6134352684021,12.487052917480469
657,2020-11-21,-13.437273025512695,11.559220314025879,18.12076759338379
658,2020-11-22,-21.299612045288086,10.737336158752441,24.01976203918457
659,2020-11-23,-24.56068229675293,8.27379322052002,26.06471824645996
660,2020-11-24,-24.52239227294922,3.0734236240386963,24.956159591674805
661,2020-11-25,-23.006624221801758,4.645097732543945,23.567981719970703
662,2020-11-26,-21.151390075683594,-0.4063226878643036,21.253835678100586
663,2020-11-27,-10.15194320678711,-0.09401942044496536,10.29602336883545
664,2020-11-28,-7.890645980834961,-2.1078429222106934,8.406951904296875
665,2020-11-29,-4.501651763916016,-0.9258865118026733,4.946367263793945
666,2020-11-30,-17.466957092285156,2.8908016681671143,18.028167724609375
667,2020-12-01,-19.147706985473633,5.313354969024658,19.941999435424805
668,2020-12-02,-9.047685623168945,5.051511287689209,10.633283615112305
669,2020-12-03,9.641037940979004,-0.9306057095527649,10.054519653320312
670,2020-12-04,25.757577896118164,-5.822007656097412,26.6669979095459
671,2020-12-05,20.44927215576172,-10.791206359863281,23.73977279663086
672,2020-12-06,-1.102104663848877,-10.330559730529785,11.007031440734863
673,2020-12-07,-9.349605560302734,-0.9150957465171814,9.883367538452148
674,2020-12-08,-15.684518814086914,-2.460833787918091,16.069400787353516
675,2020-12-09,-16.83095359802246,0.24376270174980164,17.0148868560791
676,2020-12-10,-24.03752326965332,3.304806709289551,24.448793411254883
677,2020-12-11,-20.13827896118164,0.8370186686515808,20.506969451904297
678,2020-12-12,-14.923422813415527,0.5024241805076599,15.629087448120117
679,2020-12-13,-16.29744529724121,-4.641526699066162,17.905548095703125
680,2020-12-14,-14.735109329223633,-5.481809616088867,16.468891143798828
681,2020-12-15,-25.0097713470459,-4.673628807067871,26.015832901000977
682,2020-12-16,-18.54833221435547,-4.212032794952393,19.358991622924805
683,2020-12-17,-15.88853931427002,-1.7116954326629639,16.47675323486328
684,2020-12-18,-14.466695785522461,-3.590395450592041,15.161388397216797
685,2020-12-19,-8.295061111450195,-2.6917717456817627,9.521713256835938
686,2020-12-20,-13.093551635742188,-0.5293257832527161,13.257580757141113
687,2020-12-21,-18.892959594726562,5.751375675201416,19.93311882019043
688,2020-12-22,-21.187664031982422,4.391660213470459,21.72319221496582
689,2020-12-23,-29.515872955322266,7.182958126068115,30.462528228759766
690,2020-12-24,-6.747661590576172,0.9347838759422302,7.133915424346924
691,2020-12-25,-4.340183258056641,0.7862226366996765,4.784850120544434
692,2020-12-26,-1.7898660898208618,-1.0974888801574707,2.5440375804901123
693,2020-12-27,-0.9099611639976501,-0.28304508328437805,1.5419342517852783
694,2020-12-28,-4.380792617797852,-1.2798950672149658,4.889204978942871
695,2020-12-29,-0.9561012983322144,-2.4847571849823,3.1982131004333496
696,2020-12-30,-6.7968268394470215,-3.289710283279419,8.156611442565918
697,2020-12-31,,,
698,2021-01-01,-9.728662490844727,-1.6208096742630005,10.02035903930664
699,2021-01-02,1.3149815797805786,0.11919746547937393,2.5517008304595947
700,2021-01-03,1.5410140752792358,-0.21296274662017822,2.672752857208252
701,2021-01-04,-0.222503200173378,0.8994560837745667,1.6794254779815674
702,2021-01-05,-3.307569980621338,0.541897714138031,4.1082258224487305
703,2021-01-06,-1.4359500408172607,1.506577491760254,2.4915995597839355
704,2021-01-07,-1.9130548238754272,2.233095645904541,4.218465328216553
705,2021-01-08,-5.011563777923584,1.7066013813018799,5.677375793457031
706,2021-01-09,-8.679635047912598,1.057478427886963,8.822286605834961
707,2021-01-10,-12.90896987915039,3.03737211227417,13.342622756958008
708,2021-01-11,-21.31207275390625,3.5363707542419434,21.642576217651367
709,2021-01-12,-16.781082153320312,-0.606883704662323,16.92691993713379
710,2021-01-13,-11.205713272094727,-1.1449655294418335,11.731701850891113
711,2021-01-14,-15.398947715759277,-4.642512321472168,16.1657657623291
712,2021-01-15,-12.376131057739258,0.14624230563640594,12.583283424377441
713,2021-01-16,-24.100505828857422,1.2944039106369019,24.47967529296875
714,2021-01-17,-13.553013801574707,3.1717727184295654,14.0922212600708
715,2021-01-18,-26.096511840820312,5.906761169433594,26.80291175842285
716,2021-01-19,-19.305864334106445,0.6655892729759216,19.394685745239258
717,2021-01-20,-14.277689933776855,1.7772107124328613,14.594598770141602
718,2021-01-21,-17.734773635864258,9.368971824645996,20.644582748413086
719,2021-01-22,-26.314844131469727,12.694890975952148,29.491939544677734
720,2021-01-23,-21.21133041381836,7.520718574523926,22.74518585205078
721,2021-01-24,-15.910802841186523,-1.0711396932601929,16.491539001464844
722,2021-01-25,-5.237054347991943,-3.243037700653076,6.422920227050781
723,2021-01-26,-4.200677871704102,-3.8467531204223633,5.966631889343262
724,2021-01-27,-2.1303815841674805,-0.42467114329338074,2.6017754077911377
725,2021-01-28,-5.052002906799316,-0.4085162580013275,5.194177150726318
726,2021-01-29,-4.332697868347168,-2.5222878456115723,5.328678131103516
727,2021-01-30,-0.5414136052131653,-1.0507031679153442,1.5540093183517456
728,2021-01-31,-0.8280084133148193,-0.9238875508308411,2.0947303771972656
729,2021-02-01,0.2601749002933502,-1.6333333253860474,2.961289405822754
730,2021-02-02,0.1869431436061859,-0.8297237753868103,2.48880934715271
731,2021-02-03,-3.8132927417755127,-0.9968599081039429,4.1957011222839355
732,2021-02-04,1.4159430265426636,0.018056483939290047,1.7867794036865234
733,2021-02-05,-0.7594119310379028,-0.22054877877235413,1.4155839681625366
734,2021-02-06,-0.8395797610282898,-2.394331932067871,2.9698657989501953
735,2021-02-07,-2.8935978412628174,-1.0638073682785034,3.3440513610839844
736,2021-02-08,0.7536429762840271,-0.1691974699497223,1.8683053255081177
737,2021-02-09,-0.7816108465194702,0.9614399671554565,2.7346041202545166
738,2021-02-10,-17.309663772583008,8.502226829528809,19.63459014892578
739,2021-02-11,-5.46811580657959,2.9230058193206787,6.437232971191406
740,2021-02-12,-2.5899648666381836,-0.04975264519453049,3.3899073600769043
741,2021-02-13,-4.368660926818848,-2.6704580783843994,5.906246662139893
742,2021-02-14,0.1515263319015503,-2.3595900535583496,2.9257707595825195
743,2021-02-15,1.264056921005249,-1.485109567642212,2.502629041671753
744,2021-02-16,1.5434457063674927,-0.02519712597131729,1.8205915689468384
745,2021-02-17,-2.8809406757354736,0.10510516166687012,3.1749167442321777
746,2021-02-18,2.959348201751709,0.01689634844660759,3.083153247833252
747,2021-02-19,1.666359543800354,0.854451060295105,2.0459132194519043
748,2021-02-20,-1.2578214406967163,-0.33205193281173706,1.649681806564331
749,2021-02-21,-1.0135443210601807,-1.4732784032821655,1.8694218397140503
750,2021-02-22,1.2868841886520386,-0.1677359789609909,1.5308054685592651
751,2021-02-23,1.1150615215301514,-1.195746660232544,1.9000217914581299
752,2021-02-24,-0.17105403542518616,0.015220043249428272,1.364806890487671
753,2021-02-25,1.1490949392318726,-0.19268396496772766,1.7594146728515625
754,2021-02-26,-0.5777770280838013,-0.3730721175670624,1.8662506341934204
755,2021-02-27,1.7342960834503174,-0.3034040033817291,2.0657718181610107
756,2021-02-28,-1.500594139099121,0.08533627539873123,1.6748489141464233
757,2021-03-01,-0.40393173694610596,0.2119484543800354,1.1190805435180664
758,2021-03-02,-0.2928933799266815,-0.2134886085987091,1.4011430740356445
759,2021-03-03,1.4476732015609741,0.044324640184640884,2.0538017749786377
760,2021-03-04,-13.508768081665039,4.982684135437012,14.563309669494629
761,2021-03-05,-24.629661560058594,8.690635681152344,26.244054794311523
762,2021-03-06,-4.670993804931641,2.2429897785186768,7.1448445320129395
763,2021-03-07,-9.144624710083008,4.416731357574463,11.67573356628418
764,2021-03-08,-14.397265434265137,13.846951484680176,20.48572540283203
765,2021-03-09,-3.5322420597076416,6.309589385986328,7.56685209274292
766,2021-03-10,-4.003923416137695,-1.7239629030227661,4.840023517608643
767,2021-03-11,2.0342841148376465,-4.444085597991943,5.47658109664917
768,2021-03-12,-3.9183897972106934,0.4496927261352539,7.134490013122559
769,2021-03-13,-6.279286861419678,10.831405639648438,13.067198753356934
770,2021-03-14,-14.140344619750977,11.881720542907715,18.717323303222656
771,2021-03-15,-22.717872619628906,5.2586565017700195,23.71823501586914
772,2021-03-16,-14.579147338867188,0.2675885856151581,14.755036354064941
773,2021-03-17,-2.2850770950317383,-2.2770612239837646,3.9159741401672363
774,2021-03-18,-1.235152006149292,-2.4257850646972656,3.0176799297332764
775,2021-03-19,-0.29726874828338623,-1.5806214809417725,1.92764413356781
776,2021-03-20,-4.757077693939209,-0.2266688197851181,4.816986560821533
777,2021-03-21,-2.9800007343292236,2.9513864517211914,5.08722448348999
778,2021-03-22,-11.94388198852539,8.431452751159668,14.724041938781738
779,2021-03-23,-1.9245926141738892,3.3111042976379395,4.260115146636963
780,2021-03-24,-3.5418903827667236,-2.114959478378296,4.412986755371094
781,2021-03-25,0.6503057479858398,-2.0894203186035156,2.3210532665252686
782,2021-03-26,0.1411237269639969,-2.2080769538879395,2.415738582611084
783,2021-03-27,0.552278995513916,-0.2639228403568268,1.2823714017868042
784,2021-03-28,-4.720787525177002,0.19504788517951965,4.83527135848999
785,2021-03-29,-16.601598739624023,2.794326066970825,16.862751007080078
786,2021-03-30,-17.59280776977539,1.9362186193466187,17.793872833251953
787,2021-03-31,-9.97203540802002,-0.25485098361968994,10.1099853515625
788,2021-04-01,-0.6025084853172302,-0.14122535288333893,0.9891908764839172
789,2021-04-02,-0.47649118304252625,-0.21250338852405548,1.0876178741455078
790,2021-04-03,-0.46870192885398865,0.5946760177612305,1.2395117282867432
791,2021-04-04,0.1414417028427124,0.09640327095985413,1.3777049779891968
792,2021-04-05,1.1836051940917969,-1.0896236896514893,2.3556721210479736
793,2021-04-06,-0.24383574724197388,0.0681094080209732,1.4619964361190796
794,2021-04-07,-2.5410029888153076,-1.1659436225891113,2.9962399005889893
795,2021-04-08,2.5752015113830566,0.4006466269493103,2.755340814590454
796,2021-04-09,4.33125114440918,0.3309651017189026,4.409208297729492
797,2021-04-10,-0.5921703577041626,0.2639286518096924,1.309066653251648
798,2021-04-11,-2.3748857975006104,-0.47622591257095337,2.9128026962280273
799,2021-04-12,-1.7283425331115723,2.1656246185302734,3.207242012023926
800,2021-04-13,-2.249354124069214,0.620644211769104,2.5068657398223877
801,2021-04-14,-4.352726459503174,-0.6740058660507202,4.517316818237305
802,2021-04-15,-1.360230803489685,-0.6773397326469421,2.5288751125335693
803,2021-04-16,3.7266058921813965,3.1192991733551025,5.148614406585693
804,2021-04-17,0.7365269064903259,1.5010043382644653,2.9216482639312744
805,2021-04-18,0.6801321506500244,0.42543959617614746,2.207756280899048
806,2021-04-19,9.517380714416504,-5.894848823547363,11.466718673706055
807,2021-04-20,8.656412124633789,-8.24897575378418,11.989733695983887
808,2021-04-21,4.040059566497803,-0.7394497394561768,4.88584041595459
809,2021-04-22,-5.45682954788208,0.35280513763427734,5.793422698974609
810,2021-04-23,3.5787510871887207,2.591752290725708,4.571812629699707
811,2021-04-24,-5.5445075035095215,-1.1251235008239746,5.829764366149902
812,2021-04-25,-10.79896068572998,5.755648136138916,12.444889068603516
813,2021-04-26,-13.127037048339844,12.313617706298828,18.186641693115234
814,2021-04-27,-16.141193389892578,9.717081069946289,19.32660675048828
815,2021-04-28,-16.894128799438477,7.283487796783447,18.435590744018555
816,2021-04-29,-14.359081268310547,4.132435321807861,15.051905632019043
817,2021-04-30,-8.689005851745605,4.564318656921387,9.962420463562012
818,2021-05-01,-6.320172309875488,-0.17446966469287872,6.5799150466918945
819,2021-05-02,-3.2422850131988525,-0.801424503326416,3.647165536880493
820,2021-05-03,-8.56478500366211,0.30461883544921875,8.931212425231934
821,2021-05-04,-2.107795238494873,-1.0192679166793823,2.7134604454040527
822,2021-05-05,-4.644354343414307,-2.848261594772339,5.7342658042907715
823,2021-05-06,-5.697913646697998,-0.19742950797080994,5.904541492462158
824,2021-05-07,-8.67982006072998,1.4925743341445923,8.996837615966797
825,2021-05-08,-6.919073104858398,0.028800994157791138,7.12181282043457
826,2021-05-09,-6.2751617431640625,-2.806926727294922,7.240018844604492
827,2021-05-10,-11.193192481994629,2.6968295574188232,11.882867813110352
828,2021-05-11,-13.333438873291016,1.3247501850128174,13.48505973815918
829,2021-05-12,-22.974895477294922,3.22963547706604,23.38402557373047
830,2021-05-13,-11.382813453674316,6.632961273193359,13.424687385559082
831,2021-05-14,-13.731216430664062,5.482163906097412,15.024949073791504
832,2021-05-15,-11.327422142028809,1.4788844585418701,11.566469192504883
833,2021-05-16,-10.71489143371582,3.4425339698791504,11.714808464050293
834,2021-05-17,-18.365156173706055,0.7052528858184814,18.411842346191406
835,2021-05-18,-19.158512115478516,4.168056964874268,19.708173751831055
836,2021-05-19,-7.279068946838379,5.711795806884766,9.356096267700195
837,2021-05-20,-13.04366397857666,9.475624084472656,16.21401023864746
838,2021-05-21,-20.513816833496094,7.072988986968994,21.736122131347656
839,2021-05-22,-15.615898132324219,5.410278797149658,16.930295944213867
840,2021-05-23,0.41800644993782043,2.898825168609619,3.412560224533081
841,2021-05-24,4.575040817260742,1.123394250869751,4.955391883850098
842,2021-05-25,-0.06751593202352524,-2.785933494567871,2.998570203781128
843,2021-05-26,-2.9397664070129395,-4.709895133972168,5.7109174728393555
844,2021-05-27,-2.415017604827881,-3.4158520698547363,4.349154949188232
845,2021-05-28,2.5593180656433105,-1.0672328472137451,3.1275434494018555
846,2021-05-29,-0.7879703044891357,-0.21810676157474518,3.8072774410247803
847,2021-05-30,-1.473828673362732,-2.193547010421753,3.2287471294403076
848,2021-05-31,-1.3499730825424194,-4.990426540374756,5.82742166519165
849,2021-11-01,1.1793245077133179,-4.412115573883057,5.839564323425293
850,2021-11-02,-14.581286430358887,1.9554505348205566,15.17560863494873
851,2021-11-03,-9.981060028076172,-2.666696310043335,10.451730728149414
852,2021-11-04,-3.9600391387939453,-6.129049777984619,8.54257869720459
853,2021-11-05,-20.976951599121094,8.390642166137695,22.773967742919922
854,2021-11-06,-9.995596885681152,14.061781883239746,17.42797088623047
855,2021-11-07,-7.513090133666992,1.2400013208389282,8.275694847106934
856,2021-11-08,-10.243964195251465,-0.7584917545318604,10.339856147766113
857,2021-11-09,-16.29998016357422,2.549544095993042,16.608797073364258
858,2021-11-10,-6.488162517547607,1.9900435209274292,7.367865562438965
859,2021-11-11,-13.219712257385254,-4.276779651641846,14.29543399810791
860,2021-11-12,3.0445218086242676,-4.712159156799316,7.870980262756348
861,2021-11-13,-2.6120095252990723,-6.902754306793213,7.561916351318359
862,2021-11-14,0.08438841998577118,-3.5205516815185547,4.185958385467529
863,2021-11-15,-12.29911994934082,-7.069594860076904,14.573432922363281
864,2021-11-16,-2.9262452125549316,-2.4018115997314453,4.236635208129883
865,2021-11-17,-2.5061230659484863,-8.129789352416992,9.190954208374023
866,2021-11-18,-0.6673454642295837,-14.209511756896973,14.366291999816895
867,2021-11-19,-3.0528969764709473,-1.9766266345977783,5.059553146362305
868,2021-11-20,-12.200055122375488,-5.231442928314209,13.435399055480957
869,2021-11-21,-4.987394332885742,-2.997349500656128,6.741575717926025
870,2021-11-22,-3.690894365310669,-3.704528331756592,5.437201023101807
871,2021-11-23,-5.0832624435424805,0.32099810242652893,5.224754810333252
872,2021-11-24,-14.394036293029785,0.20300449430942535,14.448567390441895
873,2021-11-25,-25.482465744018555,-3.5433995723724365,25.899444580078125
874,2021-11-26,-9.684025764465332,-9.311509132385254,13.704423904418945
875,2021-11-27,-2.2702178955078125,-5.41567325592041,6.3309550285339355
876,2021-11-28,-1.9021587371826172,-6.225948810577393,8.13968276977539
877,2021-11-29,-4.829229354858398,-3.7583281993865967,6.482092380523682
878,2021-11-30,-1.5806005001068115,-1.4267765283584595,3.756852626800537
879,2021-12-01,-3.7059175968170166,-1.3431940078735352,4.223119735717773
880,2021-12-02,-0.44669997692108154,-0.04743077978491783,2.1142773628234863
881,2021-12-03,-12.15592098236084,7.225250720977783,15.553605079650879
882,2021-12-04,0.20879903435707092,9.714372634887695,9.862882614135742
883,2021-12-05,-9.328343391418457,10.827404975891113,14.61118221282959
884,2021-12-06,-10.923307418823242,6.790752410888672,13.090689659118652
885,2021-12-07,2.252955675125122,1.3873215913772583,5.560893535614014
886,2021-12-08,-2.168879747390747,0.32348570227622986,4.351011753082275
887,2021-12-09,-7.821918964385986,3.225402355194092,8.967656135559082
888,2021-12-10,-2.6872847080230713,0.7379966974258423,3.940338611602783
889,2021-12-11,-8.066323280334473,-4.003969192504883,9.315604209899902
890,2021-12-12,1.6606992483139038,-4.4960832595825195,5.283355236053467
891,2021-12-13,-1.5997182130813599,-0.42211607098579407,1.9532266855239868
892,2021-12-14,1.7964751720428467,-0.15158836543560028,2.6349003314971924
893,2021-12-15,-12.9747953414917,-0.5300461649894714,13.070709228515625
894,2021-12-16,-13.396114349365234,6.7590131759643555,15.192475318908691
895,2021-12-17,-24.097055435180664,4.5185346603393555,24.63010597229004
896,2021-12-18,-21.84976577758789,5.134954452514648,22.669231414794922
897,2021-12-19,-20.217397689819336,12.324177742004395,23.779903411865234
898,2021-12-20,1.4489452838897705,6.1902923583984375,7.437338352203369
899,2021-12-21,3.3834543228149414,-5.547762393951416,7.8223185539245605
900,2021-12-22,11.485299110412598,-6.7563323974609375,13.959124565124512
901,2021-12-23,4.612453460693359,-8.932816505432129,10.349416732788086
902,2021-12-24,3.3030948638916016,-2.1247005462646484,4.441213130950928
903,2021-12-25,-14.053624153137207,6.811403274536133,16.140785217285156
904,2021-12-26,-5.6529083251953125,-1.945242166519165,8.503267288208008
905,2021-12-27,6.768157482147217,-8.339163780212402,11.03630256652832
906,2021-12-28,-0.8387388586997986,-3.344357490539551,4.085342884063721
907,2021-12-29,0.7256153225898743,-1.411820411682129,2.773209810256958
908,2021-12-30,0.5258873105049133,-0.5551244020462036,2.045222759246826
909,2021-12-31,,,
910,2022-01-01,0.2877613604068756,-1.4078929424285889,2.1197011470794678
911,2022-01-02,-4.4426140785217285,-0.7384968400001526,4.64811897277832
912,2022-01-03,1.4468135833740234,2.425877332687378,3.154536485671997
913,2022-01-04,9.961729049682617,1.885176181793213,10.411554336547852
914,2022-01-05,7.643624305725098,-9.825080871582031,13.284564971923828
915,2022-01-06,5.92875337600708,-9.608393669128418,11.341537475585938
916,2022-01-07,-2.503361225128174,-3.378025531768799,4.4080328941345215
917,2022-01-08,2.8381364345550537,-0.2486860156059265,3.3755111694335938
918,2022-01-09,-2.1148617267608643,-0.3782379627227783,2.5423951148986816
919,2022-01-10,2.680147647857666,1.2040783166885376,3.048367977142334
920,2022-01-11,-4.0942792892456055,-0.9537404775619507,4.282700538635254
921,2022-01-12,-1.48404061794281,-0.9829089045524597,2.0616159439086914
922,2022-01-13,0.24709177017211914,-0.28029486536979675,1.865659475326538
923,2022-01-14,-0.9406439065933228,-0.031847406178712845,2.2448341846466064
924,2022-01-15,-1.7907006740570068,-1.058379888534546,2.3525943756103516
925,2022-01-16,2.579108953475952,0.5367265343666077,3.1488542556762695
926,2022-01-17,-5.0340895652771,-0.10172345489263535,5.412017345428467
927,2022-01-18,0.747940719127655,-0.16716277599334717,2.2215418815612793
928,2022-01-19,-2.342357873916626,-1.6473443508148193,3.045132637023926
929,2022-01-20,2.9860894680023193,0.40166908502578735,3.1768276691436768
930,2022-01-21,-10.119544982910156,2.656067132949829,10.633813858032227
931,2022-01-22,-25.58150863647461,10.171600341796875,27.612548828125
932,2022-01-23,-14.691200256347656,5.481045722961426,15.789634704589844
933,2022-01-24,-8.830549240112305,3.8888888359069824,9.789871215820312
934,2022-01-25,6.923928737640381,-2.4131953716278076,7.653122425079346
935,2022-01-26,17.947803497314453,-7.268975734710693,19.47774314880371
936,2022-01-27,11.008123397827148,-4.15915584564209,11.866910934448242
937,2022-01-28,12.600444793701172,-6.068583965301514,14.019624710083008
938,2022-01-29,4.885341644287109,-2.5507876873016357,5.761100769042969
939,2022-01-30,4.140130996704102,-1.181892991065979,4.529012203216553
940,2022-01-31,-1.491175651550293,-0.2887188792228699,1.9508551359176636
941,2022-02-01,2.592284917831421,0.528152585029602,3.026799201965332
942,2022-02-02,-2.0188236236572266,0.5108745694160461,2.73673939704895
943,2022-02-03,-2.702216148376465,-0.4798198640346527,3.1901133060455322
944,2022-02-04,1.978933572769165,0.4772685170173645,2.41325044631958
945,2022-02-05,2.3285019397735596,-0.622499942779541,2.9741082191467285
946,2022-02-06,-8.221558570861816,-4.8564677238464355,9.566795349121094
947,2022-02-07,6.631379127502441,2.691608190536499,7.2825236320495605
948,2022-02-08,-2.9413034915924072,0.5884749293327332,3.212639093399048
949,2022-02-09,-9.545632362365723,0.5495365858078003,9.673733711242676
950,2022-02-10,7.067541599273682,-1.7554813623428345,7.621611595153809
951,2022-02-11,1.6711251735687256,0.37442606687545776,2.026275634765625
952,2022-02-12,-2.6011462211608887,-0.021012431010603905,2.7055304050445557
953,2022-02-13,-0.7027365565299988,0.24980297684669495,1.4433127641677856
954,2022-02-14,3.2311110496520996,-0.0140799256041646,3.506608486175537
955,2022-02-15,3.0813982486724854,-0.46968862414360046,3.1799733638763428
956,2022-02-16,0.7133685946464539,-0.545732855796814,1.3710718154907227
957,2022-02-17,-2.256725788116455,0.21575798094272614,2.7453958988189697
958,2022-02-18,-0.43335092067718506,-0.6877787709236145,1.3678163290023804
959,2022-02-19,-3.2504842281341553,-0.11182314902544022,3.5656630992889404
960,2022-02-20,-0.11908505856990814,1.2623311281204224,2.087923288345337
961,2022-02-21,-4.113514423370361,9.870992660522461,11.164773941040039
962,2022-02-22,4.22499418258667,2.515411376953125,5.2784647941589355
963,2022-02-23,9.469892501831055,-8.167162895202637,12.622380256652832
964,2022-02-24,-5.627697944641113,-2.336756944656372,6.741328239440918
965,2022-02-25,-16.364147186279297,6.635367393493652,17.976572036743164
966,2022-02-26,-21.826974868774414,16.6553955078125,27.600996017456055
967,2022-02-27,-17.658309936523438,16.34473991394043,24.136165618896484
968,2022-02-28,-7.580472469329834,6.018301486968994,10.292338371276855
969,2022-03-01,-9.442278861999512,8.482117652893066,12.824832916259766
970,2022-03-02,-2.2903549671173096,4.281521797180176,5.011790752410889
971,2022-03-03,-5.303901195526123,0.520285427570343,5.620964050292969
972,2022-03-04,-0.21603961288928986,1.0287340879440308,2.224651336669922
973,2022-03-05,-9.76058578491211,-1.6732560396194458,10.318310737609863
974,2022-03-06,1.3811194896697998,-5.787053108215332,6.320255279541016
975,2022-03-07,1.8041373491287231,-2.02961802482605,3.400834798812866
976,2022-03-08,-9.211338996887207,-2.6017491817474365,10.018261909484863
977,2022-03-09,1.6941852569580078,-2.199378728866577,3.1508638858795166
978,2022-03-10,-0.6705841422080994,-0.5375917553901672,2.5173659324645996
979,2022-03-11,-0.2880316972732544,-2.805424690246582,3.47220516204834
980,2022-03-12,1.2601032257080078,-0.3934561312198639,2.0792627334594727
981,2022-03-13,-0.09477169811725616,-3.1473324298858643,3.845126152038574
982,2022-03-14,6.07906436920166,-0.44821080565452576,6.877697467803955
983,2022-03-15,-0.06200402230024338,-1.682096004486084,2.934260368347168
984,2022-03-16,3.9535107612609863,-3.3148372173309326,5.213981628417969
985,2022-03-17,-3.8630073070526123,-0.532454252243042,4.077663898468018
986,2022-03-18,1.833350419998169,0.10533804446458817,1.980708122253418
987,2022-03-19,3.5760552883148193,-0.8160963654518127,3.832529306411743
988,2022-03-20,-1.4679529666900635,0.06652488559484482,1.8669711351394653
989,2022-03-21,-0.053893737494945526,0.6604213118553162,1.298284649848938
990,2022-03-22,-2.3123226165771484,1.40229070186615,3.131441354751587
991,2022-03-23,-15.532475471496582,6.6631760597229,17.019254684448242
992,2022-03-24,-14.107378959655762,8.30943489074707,16.5596981048584
993,2022-03-25,-22.28059959411621,7.445115566253662,23.51774787902832
994,2022-03-26,-15.393621444702148,4.465522289276123,16.302648544311523
995,2022-03-27,-17.73876953125,4.280730724334717,18.389190673828125
996,2022-03-28,-13.733114242553711,3.425534725189209,14.501667022705078
997,2022-03-29,-14.411188125610352,-0.9196985363960266,14.79311466217041
998,2022-03-30,-6.6749043464660645,-2.5688891410827637,7.536998271942139
999,2022-03-31,-13.252792358398438,-1.5773303508758545,13.828832626342773
1000,2022-04-01,-9.124855995178223,-1.157131314277649,9.55007266998291
1001,2022-04-02,-13.634121894836426,-3.6511223316192627,14.211943626403809
1002,2022-04-03,-7.030535697937012,-1.4763658046722412,7.497819423675537
1003,2022-04-04,-0.03293910250067711,-1.034917950630188,5.147544860839844
1004,2022-04-05,-5.710458278656006,1.6945818662643433,6.476014614105225
1005,2022-04-06,-7.230782985687256,1.7839595079421997,7.579872131347656
1006,2022-04-07,-2.004835367202759,2.127519369125366,4.523759841918945
1007,2022-04-08,-1.9367493391036987,-0.8856982588768005,2.9380247592926025
1008,2022-04-09,2.5257909297943115,-2.082920551300049,3.7441399097442627
1009,2022-04-10,-4.53670597076416,0.25910836458206177,4.825079917907715
1010,2022-04-11,1.452481746673584,4.493101119995117,5.255372047424316
1011,2022-04-12,-4.772294521331787,-5.476986885070801,8.31976318359375
1012,2022-04-13,3.388139486312866,-1.2130061388015747,4.244495868682861
1013,2022-04-14,-4.578342437744141,-0.1488909125328064,4.791957378387451
1014,2022-04-15,-9.571020126342773,3.801610231399536,11.112510681152344
1015,2022-04-16,-9.208797454833984,3.8000974655151367,10.049911499023438
1016,2022-04-17,-6.407273769378662,-0.174198180437088,6.586027145385742
1017,2022-04-18,-1.9229676723480225,1.0634549856185913,2.383957862854004
1018,2022-04-19,-2.8017637729644775,-1.2861299514770508,3.492499351501465
1019,2022-04-20,-2.6267120838165283,0.6941843032836914,4.149533748626709
1020,2022-04-21,-10.067582130432129,4.522662162780762,11.1981840133667
1021,2022-04-22,-10.404597282409668,7.249790191650391,12.81395435333252
1022,2022-04-23,0.65425044298172,-0.7447174787521362,1.532889485359192
1023,2022-04-24,-8.217706680297852,-0.13719795644283295,8.33240795135498
1024,2022-04-25,-2.6714608669281006,-0.681316614151001,3.0649521350860596
1025,2022-04-26,-4.529378890991211,-1.7338776588439941,5.4317946434021
1026,2022-04-27,-5.252050876617432,0.6414967775344849,5.668609619140625
1027,2022-04-28,-17.629440307617188,4.811220169067383,18.49010467529297
1028,2022-04-29,-10.169803619384766,5.108337879180908,11.61821174621582
1029,2022-04-30,-2.9248805046081543,5.095777988433838,6.152536869049072
1030,2022-05-01,-7.936137676239014,1.9341870546340942,8.949332237243652
1031,2022-05-02,-6.328583240509033,-1.419083833694458,6.811533451080322
1032,2022-05-03,-3.1951324939727783,-5.004339218139648,6.542230129241943
1033,2022-05-04,2.6610183715820312,-4.207705497741699,8.232196807861328
1034,2022-05-05,-13.574474334716797,-5.894526958465576,14.948798179626465
1035,2022-05-06,-13.111420631408691,2.688117265701294,13.486930847167969
1036,2022-05-07,-3.842245578765869,7.630246639251709,8.744705200195312
1037,2022-05-08,-2.6825664043426514,6.676835060119629,7.362733364105225
1038,2022-05-09,-1.5115455389022827,1.056714653968811,3.251296281814575
1039,2022-05-10,-1.4132784605026245,0.4735625386238098,1.9716379642486572
1040,2022-05-11,4.760363578796387,4.394671440124512,6.518995761871338
1041,2022-05-12,4.260629653930664,-0.28595054149627686,4.613680839538574
1042,2022-05-13,-2.019920587539673,-4.430108547210693,5.302701473236084
1043,2022-05-14,1.034962773323059,4.344903469085693,6.113345623016357
1044,2022-05-15,-6.093074798583984,0.41555580496788025,6.367941856384277
1045,2022-05-16,-0.39182496070861816,-1.1012420654296875,3.392073631286621
1046,2022-05-17,-10.064142227172852,-3.8322336673736572,10.966678619384766
1047,2022-05-18,-10.279645919799805,0.7244953513145447,10.659063339233398
1048,2022-05-19,-7.32355260848999,2.3603549003601074,7.920166015625
1049,2022-05-20,-4.802461624145508,-0.33858415484428406,4.846421241760254
1050,2022-05-21,-1.57573401927948,-0.8916515111923218,3.232274055480957
1051,2022-05-22,0.20369720458984375,-0.6737387180328369,2.5533478260040283
1052,2022-05-23,-2.810112476348877,-1.7981164455413818,5.060269832611084
1053,2022-05-24,0.9988765120506287,0.18703144788742065,2.426997661590576
1054,2022-05-25,1.2469933032989502,4.157955646514893,4.707242488861084
1055,2022-05-26,2.5441017150878906,-0.8423053622245789,2.74851393699646
1056,2022-05-27,2.6642661094665527,-2.064664125442505,3.446920394897461
1057,2022-05-28,3.1150031089782715,1.4078712463378906,3.9021642208099365
1058,2022-05-29,3.5949676036834717,-0.5784297585487366,3.852196216583252
1059,2022-05-30,1.101174235343933,-3.1915035247802734,4.002109050750732
1060,2022-05-31,2.57731556892395,6.040771961212158,7.311272144317627
1061,2022-11-01,-14.699898719787598,13.428314208984375,19.947542190551758
1062,2022-11-02,-16.017597198486328,13.441909790039062,21.028724670410156
1063,2022-11-03,-14.136927604675293,-0.2324034720659256,14.232622146606445
1064,2022-11-04,-3.9827828407287598,-3.85546612739563,6.0386433601379395
1065,2022-11-05,-3.198162794113159,-10.65843677520752,12.129107475280762
1066,2022-11-06,0.037289492785930634,4.462370872497559,5.718355655670166
1067,2022-11-07,1.9702129364013672,2.7343673706054688,3.5084383487701416
1068,2022-11-08,-1.3986693620681763,5.665735244750977,6.23695707321167
1069,2022-11-09,-0.518507182598114,7.035738468170166,7.126532077789307
1070,2022-11-10,1.3289146423339844,0.5376101732254028,3.730309009552002
1071,2022-11-11,1.517815351486206,0.1377025842666626,2.956026077270508
1072,2022-11-12,-2.8743855953216553,1.3547000885009766,3.6114988327026367
1073,2022-11-13,-2.9742367267608643,-2.78804349899292,4.98192834854126
1074,2022-11-14,2.39410138130188,-0.6611804962158203,7.6776347160339355
1075,2022-11-15,21.512088775634766,5.026730060577393,22.18479347229004
1076,2022-11-16,13.413308143615723,2.1453752517700195,14.089682579040527
1077,2022-11-17,2.4396798610687256,0.11573497951030731,3.2761693000793457
1078,2022-11-18,14.719621658325195,-5.581507682800293,15.987462043762207
1079,2022-11-19,1.989986777305603,-2.8085670471191406,3.720722198486328
1080,2022-11-20,0.8595723509788513,3.34183406829834,5.741887092590332
1081,2022-11-21,-27.825836181640625,-3.2534987926483154,28.492023468017578
1082,2022-11-22,-11.094389915466309,1.3695694208145142,11.975367546081543
1083,2022-11-23,-31.700101852416992,-1.0101896524429321,31.857072830200195
1084,2022-11-24,-25.128847122192383,-1.217311143875122,25.247089385986328
1085,2022-11-25,-25.074596405029297,-7.109825611114502,26.493526458740234
1086,2022-11-26,-8.573163986206055,-3.61897611618042,9.988369941711426
1087,2022-11-27,3.388392925262451,-1.4550257921218872,4.103884696960449
1088,2022-11-28,6.940425395965576,-0.37007224559783936,8.26150131225586
1089,2022-11-29,5.067326545715332,2.442394495010376,6.297951698303223
1090,2022-11-30,3.281355619430542,-1.1472989320755005,7.03590726852417
1091,2022-12-01,3.1354293823242188,0.157557874917984,4.062262058258057
1092,2022-12-02,13.432984352111816,-1.9066293239593506,14.124975204467773
1093,2022-12-03,8.718950271606445,-7.708820819854736,12.514742851257324
1094,2022-12-04,-15.477108001708984,18.02434539794922,23.879491806030273
1095,2022-12-05,-14.486193656921387,15.935070991516113,21.678821563720703
1096,2022-12-06,-13.544073104858398,9.908125877380371,16.92291831970215
1097,2022-12-07,-27.54543113708496,11.67162036895752,30.01361656188965
1098,2022-12-08,-12.95806884765625,0.819302499294281,14.510791778564453
1099,2022-12-09,4.237436771392822,-0.1177440658211708,7.269893169403076
1100,2022-12-10,0.1491413712501526,9.485280990600586,12.406028747558594
1101,2022-12-11,-18.736635208129883,15.156631469726562,24.18661880493164
1102,2022-12-12,-6.057767391204834,5.049885272979736,8.438846588134766
1103,2022-12-13,-0.2805270552635193,0.8274675011634827,2.866530656814575
1104,2022-12-14,5.087581157684326,-1.9043747186660767,5.636498928070068
1105,2022-12-15,4.787976264953613,-6.869112968444824,8.549007415771484
1106,2022-12-16,1.6012029647827148,-10.199987411499023,11.157852172851562
1107,2022-12-17,2.6851258277893066,-2.0806429386138916,5.062815189361572
1108,2022-12-18,-2.568251371383667,0.9347820281982422,4.089289665222168
1109,2022-12-19,-5.071193695068359,-0.9058552980422974,5.383792400360107
1110,2022-12-20,1.6249260902404785,-2.3765370845794678,3.4034957885742188
1111,2022-12-21,3.8948497772216797,-6.129150867462158,7.599917888641357
1112,2022-12-22,0.16509845852851868,1.4804867506027222,3.4384281635284424
1113,2022-12-23,-14.767865180969238,2.1364614963531494,15.149431228637695
1114,2022-12-24,-5.802295207977295,6.611928939819336,9.79255199432373
1115,2022-12-25,-3.8172221183776855,5.2959160804748535,7.250595569610596
1116,2022-12-26,-13.294743537902832,2.647411823272705,13.79501724243164
1117,2022-12-27,-18.584674835205078,2.8150761127471924,19.044252395629883
1118,2022-12-28,-25.790992736816406,2.550454616546631,26.056360244750977
1119,2022-12-29,-15.894298553466797,2.222371816635132,16.310142517089844
1120,2022-12-30,-20.33600425720215,6.473968029022217,21.841306686401367
1121,2022-12-31,-4.16144323348999,1.809201717376709,4.560658931732178
