latitude,longitude,datetime
71.19635,-145.0551,2021-03-06 23:40:26
71.19655,-145.0584,2021-03-06 23:50:27
71.19673,-145.06161,2021-03-07 00:00:26
71.19693,-145.06483,2021-03-07 00:10:26
71.19714,-145.06804,2021-03-07 00:20:27
71.19736,-145.07123,2021-03-07 00:30:26
71.19756,-145.0744,2021-03-07 00:40:26
71.19775,-145.07751,2021-03-07 00:50:25
71.19793,-145.08064,2021-03-07 01:00:25
71.19811,-145.08374,2021-03-07 01:10:26
71.1983,-145.08679,2021-03-07 01:20:26
71.19852,-145.08983,2021-03-07 01:30:28
71.1987,-145.09296,2021-03-07 01:40:54
71.19887,-145.09579,2021-03-07 01:50:26
71.19905,-145.09875,2021-03-07 02:00:26
71.19923,-145.1017,2021-03-07 02:10:26
71.19941,-145.1046,2021-03-07 02:20:26
71.19958,-145.10748,2021-03-07 02:30:25
71.19978,-145.11035,2021-03-07 02:40:26
71.19997,-145.11322,2021-03-07 02:50:26
71.20017,-145.11604,2021-03-07 03:00:24
71.20037,-145.11893,2021-03-07 03:10:24
71.20057,-145.1218,2021-03-07 03:20:25
71.20078,-145.12465,2021-03-07 03:30:25
71.20099,-145.12752,2021-03-07 03:40:26
71.20119,-145.13034,2021-03-07 03:50:27
71.20142,-145.13326,2021-03-07 04:00:54
71.20163,-145.13594,2021-03-07 04:10:26
71.20184,-145.13876,2021-03-07 04:20:25
71.20206,-145.1416,2021-03-07 04:30:25
71.20228,-145.14444,2021-03-07 04:40:25
71.2025,-145.14726,2021-03-07 04:50:25
71.20274,-145.1501,2021-03-07 05:00:24
71.20295,-145.15297,2021-03-07 05:10:25
71.20319,-145.15581,2021-03-07 05:20:25
71.20337,-145.15857,2021-03-07 05:30:29
71.20364,-145.16153,2021-03-07 05:40:26
71.20388,-145.1644,2021-03-07 05:50:25
71.20412,-145.16728,2021-03-07 06:00:25
71.20436,-145.17017,2021-03-07 06:10:25
71.20461,-145.17303,2021-03-07 06:20:25
71.20486,-145.17593,2021-03-07 06:30:25
71.2051,-145.17885,2021-03-07 06:40:27
71.20535,-145.18176,2021-03-07 06:50:26
71.20561,-145.18474,2021-03-07 07:00:26
71.20587,-145.18782,2021-03-07 07:10:55
71.20612,-145.19066,2021-03-07 07:20:26
71.20638,-145.1937,2021-03-07 07:30:26
71.20663,-145.19675,2021-03-07 07:40:26
71.20689,-145.19978,2021-03-07 07:50:25
71.20714,-145.20284,2021-03-07 08:00:25
71.20738,-145.2059,2021-03-07 08:10:26
71.20765,-145.20895,2021-03-07 08:20:26
71.20792,-145.21205,2021-03-07 08:30:27
71.20818,-145.21518,2021-03-07 08:40:26
71.20844,-145.21828,2021-03-07 08:50:25
71.20869,-145.22139,2021-03-07 09:00:25
71.20895,-145.22456,2021-03-07 09:10:24
71.20921,-145.22768,2021-03-07 09:20:25
71.20949,-145.2308,2021-03-07 09:30:25
71.20975,-145.2339,2021-03-07 09:40:25
71.20998,-145.23697,2021-03-07 09:50:25
71.2103,-145.24033,2021-03-07 10:00:54
71.21057,-145.24329,2021-03-07 10:10:26
71.21085,-145.2464,2021-03-07 10:20:25
71.21112,-145.24951,2021-03-07 10:30:24
71.2114,-145.25262,2021-03-07 10:40:25
71.21165,-145.25571,2021-03-07 10:50:25
71.2119,-145.25874,2021-03-07 11:00:25
71.21214,-145.26176,2021-03-07 11:10:25
71.2124,-145.26477,2021-03-07 11:20:25
71.21266,-145.26775,2021-03-07 11:30:25
71.21288,-145.27084,2021-03-07 11:40:26
71.2131,-145.27385,2021-03-07 11:50:26
71.21333,-145.27678,2021-03-07 12:00:26
71.21354,-145.27968,2021-03-07 12:10:26
71.21375,-145.28258,2021-03-07 12:20:26
71.21394,-145.28545,2021-03-07 12:30:26
71.21413,-145.28827,2021-03-07 12:40:25
71.21432,-145.29106,2021-03-07 12:50:26
71.21452,-145.29384,2021-03-07 13:00:26
71.21471,-145.29659,2021-03-07 13:10:26
71.21487,-145.29932,2021-03-07 13:20:26
71.21505,-145.30203,2021-03-07 13:30:25
71.21525,-145.30482,2021-03-07 13:40:54
71.21542,-145.30736,2021-03-07 13:50:25
71.21558,-145.30995,2021-03-07 14:00:24
71.21576,-145.31261,2021-03-07 14:10:26
71.21593,-145.31525,2021-03-07 14:20:25
71.21609,-145.31787,2021-03-07 14:30:26
71.21626,-145.32045,2021-03-07 14:40:25
71.21643,-145.32298,2021-03-07 14:50:25
71.21661,-145.32552,2021-03-07 15:00:24
71.21676,-145.32803,2021-03-07 15:10:25
71.21691,-145.33061,2021-03-07 15:20:25
71.21706,-145.33319,2021-03-07 15:30:25
71.21721,-145.33572,2021-03-07 15:40:25
71.21736,-145.33817,2021-03-07 15:50:25
71.21752,-145.34073,2021-03-07 16:00:55
71.21767,-145.34308,2021-03-07 16:10:26
71.21781,-145.34573,2021-03-07 16:20:26
71.21793,-145.34833,2021-03-07 16:30:26
71.21806,-145.35088,2021-03-07 16:40:26
71.2182,-145.35335,2021-03-07 16:50:26
71.21833,-145.35577,2021-03-07 17:00:25
71.21848,-145.3582,2021-03-07 17:10:26
71.21862,-145.36064,2021-03-07 17:20:26
71.21874,-145.36307,2021-03-07 17:30:26
71.21887,-145.36552,2021-03-07 17:40:25
71.21899,-145.36798,2021-03-07 17:50:25
71.21909,-145.37047,2021-03-07 18:00:24
71.21921,-145.37292,2021-03-07 18:10:25
71.21932,-145.37537,2021-03-07 18:20:25
71.21942,-145.37781,2021-03-07 18:30:26
71.21954,-145.38025,2021-03-07 18:40:25
71.21966,-145.38283,2021-03-07 18:50:54
71.21976,-145.38513,2021-03-07 19:00:26
71.21989,-145.38756,2021-03-07 19:10:24
71.22001,-145.39,2021-03-07 19:20:25
71.22014,-145.39247,2021-03-07 19:30:25
71.22026,-145.39502,2021-03-07 19:40:25
71.22039,-145.39757,2021-03-07 19:50:25
71.2205,-145.40012,2021-03-07 20:00:26
71.22067,-145.40263,2021-03-07 20:10:27
71.22082,-145.40514,2021-03-07 20:20:26
71.22099,-145.40767,2021-03-07 20:30:26
71.22117,-145.41023,2021-03-07 20:40:26
71.22134,-145.41278,2021-03-07 20:50:26
71.2215,-145.41541,2021-03-07 21:00:26
71.22166,-145.41808,2021-03-07 21:10:26
71.22184,-145.42073,2021-03-07 21:20:25
71.22204,-145.42337,2021-03-07 21:30:26
71.22224,-145.42601,2021-03-07 21:40:26
71.22245,-145.42865,2021-03-07 21:50:26
71.22269,-145.43134,2021-03-07 22:00:54
71.22292,-145.43379,2021-03-07 22:10:26
71.22314,-145.43643,2021-03-07 22:20:25
71.22338,-145.43915,2021-03-07 22:30:24
71.22361,-145.44191,2021-03-07 22:40:25
71.22384,-145.44467,2021-03-07 22:50:25
71.22405,-145.44746,2021-03-07 23:00:25
71.22427,-145.45027,2021-03-07 23:10:25
71.2245,-145.45308,2021-03-07 23:20:25
71.22473,-145.45587,2021-03-07 23:30:25
71.22495,-145.45866,2021-03-07 23:40:25
71.22517,-145.46143,2021-03-07 23:50:24
71.2254,-145.46416,2021-03-08 00:00:26
71.22561,-145.46684,2021-03-08 00:10:25
71.22582,-145.4695,2021-03-08 00:20:25
71.22605,-145.47212,2021-03-08 00:30:25
71.22628,-145.47475,2021-03-08 00:40:25
71.22652,-145.47731,2021-03-08 00:50:25
71.22675,-145.4798,2021-03-08 01:00:25
71.22697,-145.48232,2021-03-08 01:10:27
71.2272,-145.48488,2021-03-08 01:20:26
71.22743,-145.48755,2021-03-08 01:30:55
71.22764,-145.48997,2021-03-08 01:40:27
71.22787,-145.49248,2021-03-08 01:50:26
71.2281,-145.495,2021-03-08 02:00:26
71.22832,-145.49748,2021-03-08 02:10:26
71.22856,-145.49998,2021-03-08 02:20:25
71.22881,-145.50247,2021-03-08 02:30:25
71.22906,-145.50496,2021-03-08 02:40:26
71.22932,-145.5074,2021-03-08 02:50:26
71.22963,-145.50972,2021-03-08 03:00:26
71.22987,-145.51233,2021-03-08 03:10:26
71.23016,-145.51477,2021-03-08 03:20:25
71.23045,-145.51721,2021-03-08 03:30:24
71.23074,-145.51968,2021-03-08 03:40:24
71.23103,-145.52214,2021-03-08 03:50:25
71.23133,-145.52467,2021-03-08 04:00:54
71.2316,-145.52696,2021-03-08 04:10:26
71.23188,-145.52937,2021-03-08 04:20:25
71.23216,-145.53178,2021-03-08 04:30:25
71.23245,-145.53418,2021-03-08 04:40:25
71.23273,-145.53656,2021-03-08 04:50:24
71.23302,-145.539,2021-03-08 05:00:25
71.23331,-145.54143,2021-03-08 05:10:25
71.2336,-145.54385,2021-03-08 05:20:25
71.23391,-145.54625,2021-03-08 05:30:28
71.23422,-145.54878,2021-03-08 05:40:26
71.23455,-145.55132,2021-03-08 05:50:25
71.23489,-145.55386,2021-03-08 06:00:25
71.23524,-145.55647,2021-03-08 06:10:26
71.23561,-145.55913,2021-03-08 06:20:26
71.23599,-145.56186,2021-03-08 06:30:26
71.2364,-145.56465,2021-03-08 06:40:26
71.23682,-145.56747,2021-03-08 06:50:26
71.23728,-145.57036,2021-03-08 07:00:26
71.23776,-145.57346,2021-03-08 07:10:54
71.2382,-145.57619,2021-03-08 07:20:26
71.23867,-145.5791,2021-03-08 07:30:26
71.23914,-145.582,2021-03-08 07:40:26
71.23961,-145.58496,2021-03-08 07:50:25
71.24007,-145.58791,2021-03-08 08:00:25
71.24055,-145.59091,2021-03-08 08:10:24
71.24107,-145.59401,2021-03-08 08:20:25
71.24158,-145.59712,2021-03-08 08:30:25
71.2421,-145.60039,2021-03-08 08:40:24
71.24265,-145.60368,2021-03-08 08:50:25
71.24323,-145.60707,2021-03-08 09:00:25
71.2438,-145.61047,2021-03-08 09:10:24
71.24439,-145.61392,2021-03-08 09:20:25
71.245,-145.61745,2021-03-08 09:30:25
71.24561,-145.62103,2021-03-08 09:40:25
71.24623,-145.62473,2021-03-08 09:50:25
71.24688,-145.62849,2021-03-08 10:00:54
71.24751,-145.63205,2021-03-08 10:10:26
71.24818,-145.6358,2021-03-08 10:20:25
71.24884,-145.63962,2021-03-08 10:30:26
71.24953,-145.64346,2021-03-08 10:40:26
71.25024,-145.64738,2021-03-08 10:50:26
71.25095,-145.65129,2021-03-08 11:00:26
71.25168,-145.6552,2021-03-08 11:10:26
71.2524,-145.65907,2021-03-08 11:20:25
71.25311,-145.66287,2021-03-08 11:30:26
71.25377,-145.66682,2021-03-08 11:40:25
71.25445,-145.67068,2021-03-08 11:50:26
71.25515,-145.67445,2021-03-08 12:00:25
71.25587,-145.67831,2021-03-08 12:10:25
71.25661,-145.68214,2021-03-08 12:20:24
71.25735,-145.68602,2021-03-08 12:30:25
71.25813,-145.69,2021-03-08 12:40:25
71.25893,-145.69403,2021-03-08 12:50:25
71.25974,-145.6981,2021-03-08 13:00:25
71.26056,-145.70218,2021-03-08 13:10:25
71.26136,-145.70631,2021-03-08 13:20:25
71.26224,-145.71062,2021-03-08 13:30:54
71.26305,-145.71452,2021-03-08 13:40:26
71.26395,-145.71858,2021-03-08 13:50:25
71.26485,-145.72256,2021-03-08 14:00:25
71.26575,-145.72665,2021-03-08 14:10:25
71.26665,-145.7308,2021-03-08 14:20:25
71.26756,-145.73495,2021-03-08 14:30:25
71.26842,-145.73911,2021-03-08 14:40:25
71.26927,-145.74329,2021-03-08 14:50:26
71.27012,-145.74754,2021-03-08 15:00:25
71.27099,-145.75171,2021-03-08 15:10:25
71.27185,-145.75592,2021-03-08 15:20:27
71.27273,-145.7601,2021-03-08 15:30:26
71.27361,-145.7643,2021-03-08 15:40:25
71.27449,-145.76849,2021-03-08 15:50:26
71.27543,-145.7729,2021-03-08 16:00:54
71.27627,-145.77693,2021-03-08 16:10:26
71.27716,-145.78122,2021-03-08 16:20:26
71.27807,-145.78557,2021-03-08 16:30:26
71.27898,-145.78999,2021-03-08 16:40:25
71.27989,-145.79446,2021-03-08 16:50:24
71.28084,-145.79897,2021-03-08 17:00:25
71.2818,-145.80353,2021-03-08 17:10:25
71.28277,-145.80809,2021-03-08 17:20:25
71.28375,-145.81258,2021-03-08 17:30:25
71.2847,-145.817,2021-03-08 17:40:25
71.28568,-145.8214,2021-03-08 17:50:25
71.28666,-145.82574,2021-03-08 18:00:24
71.28767,-145.83011,2021-03-08 18:10:25
71.28868,-145.8345,2021-03-08 18:20:25
71.28971,-145.83887,2021-03-08 18:30:25
71.29081,-145.84349,2021-03-08 18:40:54
71.29182,-145.84773,2021-03-08 18:50:26
71.29289,-145.85217,2021-03-08 19:00:25
71.29399,-145.8566,2021-03-08 19:10:25
71.29512,-145.86104,2021-03-08 19:20:26
71.29628,-145.86548,2021-03-08 19:30:26
71.29745,-145.86995,2021-03-08 19:40:26
71.29863,-145.8744,2021-03-08 19:50:26
71.29987,-145.87875,2021-03-08 20:00:25
71.30106,-145.88324,2021-03-08 20:10:26
71.30229,-145.88773,2021-03-08 20:20:26
71.30357,-145.89218,2021-03-08 20:30:25
71.30484,-145.89674,2021-03-08 20:40:26
71.30613,-145.90131,2021-03-08 20:50:26
71.30741,-145.90598,2021-03-08 21:00:26
71.30871,-145.91068,2021-03-08 21:10:26
71.31,-145.91533,2021-03-08 21:20:25
71.31132,-145.92003,2021-03-08 21:30:25
71.31263,-145.92473,2021-03-08 21:40:25
71.31397,-145.92949,2021-03-08 21:50:24
71.31538,-145.93442,2021-03-08 22:00:54
71.31669,-145.93889,2021-03-08 22:10:26
71.31807,-145.94354,2021-03-08 22:20:25
71.31945,-145.94824,2021-03-08 22:30:25
71.32084,-145.95294,2021-03-08 22:40:25
71.32225,-145.95761,2021-03-08 22:50:25
71.32367,-145.96225,2021-03-08 23:00:25
71.3251,-145.96686,2021-03-08 23:10:25
71.32653,-145.97139,2021-03-08 23:20:24
71.328,-145.97588,2021-03-08 23:30:25
71.32946,-145.9803,2021-03-08 23:40:25
71.33094,-145.98473,2021-03-08 23:50:25
71.33242,-145.98915,2021-03-09 00:00:26
71.33392,-145.99355,2021-03-09 00:10:25
71.33543,-145.99796,2021-03-09 00:20:25
71.33695,-146.00238,2021-03-09 00:30:25
71.33848,-146.00676,2021-03-09 00:40:25
71.34,-146.01108,2021-03-09 00:50:25
71.34155,-146.01534,2021-03-09 01:00:26
71.34309,-146.0195,2021-03-09 01:10:26
71.34472,-146.0238,2021-03-09 01:20:55
71.34622,-146.02769,2021-03-09 01:30:26
71.34779,-146.03175,2021-03-09 01:40:26
71.34935,-146.03577,2021-03-09 01:50:26
71.35091,-146.03972,2021-03-09 02:00:26
71.35249,-146.04367,2021-03-09 02:10:26
71.35404,-146.04762,2021-03-09 02:20:25
71.35561,-146.05162,2021-03-09 02:30:28
71.35717,-146.05554,2021-03-09 02:40:26
71.35872,-146.05948,2021-03-09 02:50:26
71.36028,-146.06339,2021-03-09 03:00:26
71.36184,-146.06726,2021-03-09 03:10:26
71.36339,-146.07109,2021-03-09 03:20:26
71.36494,-146.07489,2021-03-09 03:30:25
71.36649,-146.07864,2021-03-09 03:40:25
71.36805,-146.08238,2021-03-09 03:50:25
71.36971,-146.08623,2021-03-09 04:00:54
71.37119,-146.08974,2021-03-09 04:10:25
71.37277,-146.09332,2021-03-09 04:20:25
71.37435,-146.09689,2021-03-09 04:30:25
71.37595,-146.10045,2021-03-09 04:40:25
71.37757,-146.10399,2021-03-09 04:50:25
71.37918,-146.10748,2021-03-09 05:00:25
71.38081,-146.11095,2021-03-09 05:10:26
71.38242,-146.11436,2021-03-09 05:20:25
71.38403,-146.11783,2021-03-09 05:30:28
71.38566,-146.12123,2021-03-09 05:40:26
71.38725,-146.12469,2021-03-09 05:50:24
71.38884,-146.12817,2021-03-09 06:00:26
71.39041,-146.13158,2021-03-09 06:10:25
71.39201,-146.13487,2021-03-09 06:20:25
71.39361,-146.13826,2021-03-09 06:30:25
71.3952,-146.14137,2021-03-09 06:40:25
71.3968,-146.14441,2021-03-09 06:50:25
71.39846,-146.14755,2021-03-09 07:00:54
71.39996,-146.15034,2021-03-09 07:10:26
71.4015,-146.15326,2021-03-09 07:20:25
71.40305,-146.15611,2021-03-09 07:30:25
71.40457,-146.15894,2021-03-09 07:40:26
71.40607,-146.16168,2021-03-09 07:50:26
71.40758,-146.16437,2021-03-09 08:00:26
71.40905,-146.16696,2021-03-09 08:10:26
71.41052,-146.16951,2021-03-09 08:20:26
71.41196,-146.17201,2021-03-09 08:30:26
71.4134,-146.1745,2021-03-09 08:40:26
71.41483,-146.17688,2021-03-09 08:50:26
71.41626,-146.17918,2021-03-09 09:00:26
71.41766,-146.18144,2021-03-09 09:10:25
71.41907,-146.18361,2021-03-09 09:20:26
71.42043,-146.18578,2021-03-09 09:30:26
71.42175,-146.18784,2021-03-09 09:40:26
71.42307,-146.18999,2021-03-09 09:50:26
71.42443,-146.19226,2021-03-09 10:00:54
71.42565,-146.19435,2021-03-09 10:10:26
71.42689,-146.19653,2021-03-09 10:20:26
71.4281,-146.19862,2021-03-09 10:30:25
71.42928,-146.20058,2021-03-09 10:40:25
71.43045,-146.20248,2021-03-09 10:50:25
71.43158,-146.20441,2021-03-09 11:00:24
71.43271,-146.20636,2021-03-09 11:10:24
71.43381,-146.2083,2021-03-09 11:20:25
71.43488,-146.21025,2021-03-09 11:30:25
71.43593,-146.21231,2021-03-09 11:40:25
71.43697,-146.21428,2021-03-09 11:50:25
71.43797,-146.21623,2021-03-09 12:00:25
71.43895,-146.21811,2021-03-09 12:10:25
71.43989,-146.21996,2021-03-09 12:20:25
71.4408,-146.22173,2021-03-09 12:30:25
71.44169,-146.22346,2021-03-09 12:40:26
71.44257,-146.22516,2021-03-09 12:50:24
71.44344,-146.22685,2021-03-09 13:00:24
71.44431,-146.22853,2021-03-09 13:10:25
71.44518,-146.2305,2021-03-09 13:20:25
71.44604,-146.23253,2021-03-09 13:30:54
71.44683,-146.23405,2021-03-09 13:40:26
71.44765,-146.23546,2021-03-09 13:50:25
71.44846,-146.23689,2021-03-09 14:00:25
71.44924,-146.2384,2021-03-09 14:10:25
71.45,-146.23996,2021-03-09 14:20:25
71.45071,-146.24162,2021-03-09 14:30:25
71.45141,-146.24332,2021-03-09 14:40:25
71.45208,-146.24503,2021-03-09 14:50:25
71.45276,-146.24673,2021-03-09 15:00:24
71.45341,-146.24852,2021-03-09 15:10:26
71.45407,-146.25027,2021-03-09 15:20:26
71.45474,-146.252,2021-03-09 15:30:26
71.45539,-146.25372,2021-03-09 15:40:26
71.45605,-146.25546,2021-03-09 15:50:26
71.45674,-146.25729,2021-03-09 16:00:55
71.45737,-146.25894,2021-03-09 16:10:26
71.45802,-146.26065,2021-03-09 16:20:26
71.45865,-146.26233,2021-03-09 16:30:26
71.45927,-146.26399,2021-03-09 16:40:26
71.45987,-146.26564,2021-03-09 16:50:26
71.46045,-146.26723,2021-03-09 17:00:25
71.46102,-146.26871,2021-03-09 17:10:25
71.46159,-146.27008,2021-03-09 17:20:26
71.4622,-146.27122,2021-03-09 17:30:26
71.46275,-146.27226,2021-03-09 17:40:26
71.46331,-146.27316,2021-03-09 17:50:26
71.46384,-146.27408,2021-03-09 18:00:26
71.46436,-146.27504,2021-03-09 18:10:26
71.46487,-146.27597,2021-03-09 18:20:26
71.46535,-146.27684,2021-03-09 18:30:25
71.46583,-146.27771,2021-03-09 18:40:54
71.46625,-146.27847,2021-03-09 18:50:26
71.46667,-146.27927,2021-03-09 19:00:25
71.46709,-146.28,2021-03-09 19:10:24
71.46748,-146.28073,2021-03-09 19:20:24
71.46787,-146.28145,2021-03-09 19:30:25
71.46825,-146.28214,2021-03-09 19:40:25
71.46862,-146.28279,2021-03-09 19:50:25
71.46901,-146.28334,2021-03-09 20:00:25
71.46938,-146.28398,2021-03-09 20:10:25
71.46976,-146.28453,2021-03-09 20:20:25
71.47017,-146.28511,2021-03-09 20:30:25
71.47058,-146.28572,2021-03-09 20:40:25
71.47099,-146.28633,2021-03-09 20:50:25
71.4714,-146.28691,2021-03-09 21:00:25
71.47179,-146.28746,2021-03-09 21:10:25
71.47218,-146.28798,2021-03-09 21:20:25
71.47257,-146.28842,2021-03-09 21:30:24
71.47295,-146.28883,2021-03-09 21:40:28
71.47333,-146.28915,2021-03-09 21:50:25
71.47369,-146.28943,2021-03-09 22:00:54
71.47401,-146.28958,2021-03-09 22:10:26
71.47432,-146.28975,2021-03-09 22:20:25
71.4746,-146.28986,2021-03-09 22:30:25
71.47486,-146.28996,2021-03-09 22:40:25
71.4751,-146.29002,2021-03-09 22:50:25
71.47533,-146.28999,2021-03-09 23:00:25
71.47556,-146.28984,2021-03-09 23:10:25
71.47578,-146.28958,2021-03-09 23:20:25
71.47599,-146.28911,2021-03-09 23:30:28
71.47632,-146.28841,2021-03-09 23:40:26
71.47665,-146.28746,2021-03-09 23:50:25
71.47704,-146.28629,2021-03-10 00:00:25
71.47746,-146.28491,2021-03-10 00:10:24
71.47791,-146.28342,2021-03-10 00:20:24
71.47831,-146.28186,2021-03-10 00:30:25
71.47865,-146.28024,2021-03-10 00:40:28
71.47895,-146.27869,2021-03-10 00:50:26
71.47919,-146.27716,2021-03-10 01:00:27
71.47939,-146.27576,2021-03-10 01:10:26
71.47952,-146.2744,2021-03-10 01:20:55
71.47962,-146.27328,2021-03-10 01:30:26
71.47971,-146.27216,2021-03-10 01:40:26
71.47977,-146.27101,2021-03-10 01:50:26
71.4798,-146.26984,2021-03-10 02:00:26
71.47984,-146.26862,2021-03-10 02:10:26
71.47984,-146.2674,2021-03-10 02:20:26
71.4798,-146.26616,2021-03-10 02:30:30
71.47974,-146.26494,2021-03-10 02:40:27
71.47967,-146.26373,2021-03-10 02:50:26
71.47957,-146.26253,2021-03-10 03:00:26
71.47945,-146.26134,2021-03-10 03:10:26
71.47932,-146.26013,2021-03-10 03:20:26
71.47917,-146.259,2021-03-10 03:30:25
71.47897,-146.25797,2021-03-10 03:40:25
71.47875,-146.25699,2021-03-10 03:50:25
71.47852,-146.25609,2021-03-10 04:00:25
71.47827,-146.25529,2021-03-10 04:10:26
71.47801,-146.25464,2021-03-10 04:20:26
71.47775,-146.25415,2021-03-10 04:30:26
71.47749,-146.25381,2021-03-10 04:40:26
71.47724,-146.25365,2021-03-10 04:50:27
71.47697,-146.25359,2021-03-10 05:00:26
71.4767,-146.25368,2021-03-10 05:10:26
71.47643,-146.25397,2021-03-10 05:20:54
71.47618,-146.25435,2021-03-10 05:30:26
71.47593,-146.25488,2021-03-10 05:40:25
71.47569,-146.25552,2021-03-10 05:50:25
71.47546,-146.25629,2021-03-10 06:00:25
71.47525,-146.25716,2021-03-10 06:10:25
71.47506,-146.25812,2021-03-10 06:20:25
71.47488,-146.25917,2021-03-10 06:30:24
71.47473,-146.2603,2021-03-10 06:40:24
71.47459,-146.26149,2021-03-10 06:50:25
71.47447,-146.26274,2021-03-10 07:00:25
71.47437,-146.26401,2021-03-10 07:10:25
71.47428,-146.26529,2021-03-10 07:20:25
71.47421,-146.26653,2021-03-10 07:30:25
71.47417,-146.26767,2021-03-10 07:40:25
71.47417,-146.26871,2021-03-10 07:50:25
71.47423,-146.26981,2021-03-10 08:00:54
71.47427,-146.27069,2021-03-10 08:10:26
71.47435,-146.2715,2021-03-10 08:20:25
71.47444,-146.27222,2021-03-10 08:30:25
71.47454,-146.2729,2021-03-10 08:40:25
71.47465,-146.27361,2021-03-10 08:50:24
71.47476,-146.27432,2021-03-10 09:00:25
71.47489,-146.27505,2021-03-10 09:10:25
71.47504,-146.27577,2021-03-10 09:20:25
71.47518,-146.27646,2021-03-10 09:30:26
71.47533,-146.27719,2021-03-10 09:40:24
71.47549,-146.27795,2021-03-10 09:50:25
71.47565,-146.27875,2021-03-10 10:00:25
71.47582,-146.27954,2021-03-10 10:10:25
71.47599,-146.2803,2021-03-10 10:20:25
71.47617,-146.28107,2021-03-10 10:30:25
71.47635,-146.2818,2021-03-10 10:40:25
71.47655,-146.2825,2021-03-10 10:50:26
71.47674,-146.28317,2021-03-10 11:00:26
71.47694,-146.2838,2021-03-10 11:10:26
71.47713,-146.28439,2021-03-10 11:20:27
71.47729,-146.28514,2021-03-10 11:30:55
71.47746,-146.28575,2021-03-10 11:40:26
71.47763,-146.28636,2021-03-10 11:50:26
71.4778,-146.28693,2021-03-10 12:00:26
71.47794,-146.28752,2021-03-10 12:10:26
71.47808,-146.28809,2021-03-10 12:20:26
71.4782,-146.28867,2021-03-10 12:30:25
71.47832,-146.28923,2021-03-10 12:40:26
71.47846,-146.28975,2021-03-10 12:50:26
71.47858,-146.29024,2021-03-10 13:00:30
71.47871,-146.29085,2021-03-10 13:10:27
71.47882,-146.29138,2021-03-10 13:20:26
71.47893,-146.29187,2021-03-10 13:30:25
71.47904,-146.29237,2021-03-10 13:40:25
71.47915,-146.29289,2021-03-10 13:50:25
71.47923,-146.29343,2021-03-10 14:00:24
71.47932,-146.29396,2021-03-10 14:10:25
71.47941,-146.29454,2021-03-10 14:20:25
71.47951,-146.29517,2021-03-10 14:30:25
71.47961,-146.29579,2021-03-10 14:40:25
71.47973,-146.29646,2021-03-10 14:50:25
71.47984,-146.29716,2021-03-10 15:00:25
71.47996,-146.2979,2021-03-10 15:10:25
71.48008,-146.29869,2021-03-10 15:20:25
71.48019,-146.29956,2021-03-10 15:30:24
71.48032,-146.30049,2021-03-10 15:40:25
71.48045,-146.30147,2021-03-10 15:50:25
71.48059,-146.30251,2021-03-10 16:00:54
71.48074,-146.30353,2021-03-10 16:10:26
71.4809,-146.30464,2021-03-10 16:20:25
71.48107,-146.30588,2021-03-10 16:30:25
71.48126,-146.30711,2021-03-10 16:40:25
71.48147,-146.30841,2021-03-10 16:50:25
71.4817,-146.30968,2021-03-10 17:00:25
71.48196,-146.31096,2021-03-10 17:10:26
71.48226,-146.31235,2021-03-10 17:20:26
71.48258,-146.3138,2021-03-10 17:30:25
71.48292,-146.31537,2021-03-10 17:40:25
71.48329,-146.317,2021-03-10 17:50:26
71.4837,-146.31865,2021-03-10 18:00:26
71.48413,-146.32039,2021-03-10 18:10:26
71.4846,-146.32214,2021-03-10 18:20:26
71.48512,-146.32402,2021-03-10 18:30:55
71.4856,-146.32571,2021-03-10 18:40:25
71.48613,-146.32751,2021-03-10 18:50:26
71.48668,-146.32933,2021-03-10 19:00:26
71.48726,-146.33118,2021-03-10 19:10:26
71.48786,-146.3331,2021-03-10 19:20:26
71.48848,-146.33504,2021-03-10 19:30:26
71.48917,-146.33685,2021-03-10 19:40:25
71.48988,-146.33864,2021-03-10 19:50:25
71.49065,-146.34032,2021-03-10 20:00:25
71.49144,-146.34198,2021-03-10 20:10:25
71.49229,-146.34349,2021-03-10 20:20:24
71.49313,-146.34514,2021-03-10 20:30:24
71.49397,-146.34706,2021-03-10 20:40:25
71.49484,-146.34897,2021-03-10 20:50:25
71.4957,-146.3508,2021-03-10 21:00:25
71.49657,-146.35266,2021-03-10 21:10:25
71.49741,-146.35446,2021-03-10 21:20:25
71.49826,-146.35605,2021-03-10 21:30:25
71.4991,-146.35751,2021-03-10 21:40:25
71.49995,-146.35896,2021-03-10 21:50:25
71.50085,-146.36023,2021-03-10 22:00:54
71.50166,-146.36115,2021-03-10 22:10:26
71.50247,-146.36179,2021-03-10 22:20:24
71.5033,-146.36224,2021-03-10 22:30:24
71.50412,-146.36258,2021-03-10 22:40:25
71.50492,-146.36285,2021-03-10 22:50:25
71.50562,-146.36349,2021-03-10 23:00:25
71.50627,-146.36426,2021-03-10 23:10:25
71.50687,-146.36453,2021-03-10 23:20:25
71.5074,-146.36464,2021-03-10 23:30:25
71.50797,-146.36481,2021-03-10 23:40:25
71.50892,-146.36488,2021-03-11 00:00:25
71.50936,-146.36443,2021-03-11 00:10:25
71.50979,-146.36389,2021-03-11 00:20:24
71.51023,-146.36348,2021-03-11 00:30:24
71.51057,-146.36328,2021-03-11 00:40:25
71.5109,-146.3631,2021-03-11 00:50:26
71.51122,-146.36293,2021-03-11 01:00:29
71.51148,-146.36256,2021-03-11 01:10:55
71.51166,-146.3623,2021-03-11 01:20:26
71.51178,-146.36234,2021-03-11 01:30:26
71.51189,-146.362,2021-03-11 01:40:26
71.51197,-146.36188,2021-03-11 01:50:26
71.51199,-146.36179,2021-03-11 02:00:26
71.51194,-146.36165,2021-03-11 02:10:26
71.51186,-146.36151,2021-03-11 02:20:26
71.51168,-146.36127,2021-03-11 02:30:26
71.51155,-146.36098,2021-03-11 02:40:26
71.51134,-146.36079,2021-03-11 02:50:25
71.5111,-146.36058,2021-03-11 03:00:26
71.51081,-146.36035,2021-03-11 03:10:26
71.51048,-146.36012,2021-03-11 03:20:26
71.51014,-146.35994,2021-03-11 03:30:26
71.50973,-146.35988,2021-03-11 03:40:26
71.50925,-146.35988,2021-03-11 03:50:26
71.50869,-146.35992,2021-03-11 04:00:54
71.50812,-146.36009,2021-03-11 04:10:26
71.50742,-146.36035,2021-03-11 04:20:25
71.50667,-146.36069,2021-03-11 04:30:25
71.50586,-146.36113,2021-03-11 04:40:25
71.505,-146.36168,2021-03-11 04:50:26
71.50406,-146.36234,2021-03-11 05:00:24
71.50307,-146.36311,2021-03-11 05:10:24
71.50203,-146.36406,2021-03-11 05:20:25
71.50096,-146.36511,2021-03-11 05:30:25
71.49982,-146.36621,2021-03-11 05:40:24
71.49865,-146.36739,2021-03-11 05:50:25
71.49747,-146.36856,2021-03-11 06:00:25
71.49626,-146.36977,2021-03-11 06:10:25
71.49501,-146.37109,2021-03-11 06:20:25
71.49374,-146.37238,2021-03-11 06:30:25
71.49246,-146.37366,2021-03-11 06:40:25
71.49119,-146.37494,2021-03-11 06:50:25
71.48985,-146.37636,2021-03-11 07:00:54
71.48863,-146.37766,2021-03-11 07:10:25
71.48735,-146.37897,2021-03-11 07:20:25
71.48606,-146.38028,2021-03-11 07:30:25
71.48478,-146.38164,2021-03-11 07:40:25
71.4835,-146.38304,2021-03-11 07:50:25
71.48222,-146.38448,2021-03-11 08:00:25
71.48096,-146.38589,2021-03-11 08:10:25
71.47971,-146.38737,2021-03-11 08:20:25
71.47853,-146.38882,2021-03-11 08:30:25
71.4773,-146.3903,2021-03-11 08:40:25
71.47613,-146.39169,2021-03-11 08:50:25
71.47499,-146.39308,2021-03-11 09:00:25
71.47387,-146.39449,2021-03-11 09:10:26
71.47279,-146.39584,2021-03-11 09:20:26
71.47169,-146.39702,2021-03-11 09:30:26
71.47063,-146.39812,2021-03-11 09:40:26
71.46966,-146.39934,2021-03-11 09:50:26
71.46864,-146.40059,2021-03-11 10:00:55
71.4677,-146.40155,2021-03-11 10:10:26
71.46678,-146.4025,2021-03-11 10:20:26
71.46587,-146.40335,2021-03-11 10:30:26
71.46497,-146.40413,2021-03-11 10:40:25
71.46411,-146.40483,2021-03-11 10:50:25
71.46326,-146.40544,2021-03-11 11:00:26
71.46243,-146.40598,2021-03-11 11:10:26
71.46162,-146.4064,2021-03-11 11:20:26
71.4608,-146.40685,2021-03-11 11:30:26
71.45998,-146.4072,2021-03-11 11:40:25
71.45915,-146.40755,2021-03-11 11:50:25
71.45833,-146.40807,2021-03-11 12:00:25
71.45751,-146.40845,2021-03-11 12:10:25
71.4567,-146.40881,2021-03-11 12:20:24
71.45589,-146.40909,2021-03-11 12:30:25
71.45516,-146.40923,2021-03-11 12:40:25
71.45445,-146.40932,2021-03-11 12:50:25
71.45375,-146.40933,2021-03-11 13:00:25
71.45309,-146.40929,2021-03-11 13:10:25
71.45233,-146.40932,2021-03-11 13:20:25
71.45166,-146.40916,2021-03-11 13:30:25
71.45095,-146.40901,2021-03-11 13:40:54
71.45026,-146.40892,2021-03-11 13:50:26
71.44955,-146.40875,2021-03-11 14:00:24
71.44881,-146.40866,2021-03-11 14:10:25
71.44803,-146.40863,2021-03-11 14:20:25
71.44724,-146.40855,2021-03-11 14:30:25
71.44646,-146.40852,2021-03-11 14:40:25
71.44564,-146.40851,2021-03-11 14:50:25
71.44486,-146.40839,2021-03-11 15:00:25
71.44408,-146.40833,2021-03-11 15:10:27
71.44334,-146.40822,2021-03-11 15:20:24
71.44258,-146.40813,2021-03-11 15:30:25
71.44183,-146.40807,2021-03-11 15:40:26
71.44107,-146.40807,2021-03-11 15:50:27
71.44028,-146.40814,2021-03-11 16:00:55
71.43955,-146.40826,2021-03-11 16:10:26
71.43882,-146.40842,2021-03-11 16:20:26
71.43813,-146.40855,2021-03-11 16:30:26
71.43745,-146.40871,2021-03-11 16:40:26
71.4368,-146.40889,2021-03-11 16:50:27
71.43615,-146.40909,2021-03-11 17:00:25
71.43555,-146.40923,2021-03-11 17:10:26
71.43496,-146.40939,2021-03-11 17:20:26
71.43438,-146.40961,2021-03-11 17:30:27
71.43383,-146.40981,2021-03-11 17:40:26
71.43331,-146.40999,2021-03-11 17:50:25
71.43279,-146.41026,2021-03-11 18:00:25
71.43228,-146.41058,2021-03-11 18:10:25
71.43179,-146.41098,2021-03-11 18:20:24
71.43122,-146.41125,2021-03-11 18:30:26
71.43088,-146.41176,2021-03-11 18:40:54
71.4305,-146.41209,2021-03-11 18:50:26
71.4301,-146.4124,2021-03-11 19:00:25
71.42972,-146.41272,2021-03-11 19:10:25
71.42936,-146.41298,2021-03-11 19:20:25
71.42902,-146.41328,2021-03-11 19:30:25
71.42871,-146.41362,2021-03-11 19:40:25
71.42839,-146.41399,2021-03-11 19:50:24
71.42806,-146.4144,2021-03-11 20:00:25
71.42779,-146.41481,2021-03-11 20:10:25
71.42753,-146.41518,2021-03-11 20:20:25
71.42725,-146.41556,2021-03-11 20:30:25
71.42701,-146.41592,2021-03-11 20:40:25
71.42676,-146.41634,2021-03-11 20:50:25
71.42652,-146.41678,2021-03-11 21:00:25
71.42633,-146.41708,2021-03-11 21:10:25
71.42617,-146.41722,2021-03-11 21:20:26
71.426,-146.41745,2021-03-11 21:30:26
71.42583,-146.41774,2021-03-11 21:40:26
71.42567,-146.41803,2021-03-11 21:50:26
71.4255,-146.41827,2021-03-11 22:00:55
71.42535,-146.41846,2021-03-11 22:10:26
71.42518,-146.41861,2021-03-11 22:20:26
71.42501,-146.41873,2021-03-11 22:30:26
71.42487,-146.41885,2021-03-11 22:40:25
71.42472,-146.41896,2021-03-11 22:50:26
71.42457,-146.4191,2021-03-11 23:00:26
71.42443,-146.41924,2021-03-11 23:10:26
71.42429,-146.41937,2021-03-11 23:20:26
71.42413,-146.41945,2021-03-11 23:30:25
71.42403,-146.41954,2021-03-11 23:40:25
71.42388,-146.41959,2021-03-11 23:50:25
71.42374,-146.4196,2021-03-12 00:00:24
71.42361,-146.41963,2021-03-12 00:10:25
71.42348,-146.41962,2021-03-12 00:20:25
71.42336,-146.41963,2021-03-12 00:30:25
71.42325,-146.41962,2021-03-12 00:40:25
71.42314,-146.41962,2021-03-12 00:50:25
71.42303,-146.4196,2021-03-12 01:00:25
71.42289,-146.41962,2021-03-12 01:10:26
71.42274,-146.41963,2021-03-12 01:20:54
71.42258,-146.41966,2021-03-12 01:30:26
71.42242,-146.41975,2021-03-12 01:40:24
71.42222,-146.41994,2021-03-12 01:50:25
71.42204,-146.42014,2021-03-12 02:00:25
71.42184,-146.42036,2021-03-12 02:10:25
71.42165,-146.42059,2021-03-12 02:20:25
71.42146,-146.42082,2021-03-12 02:30:25
71.42127,-146.42111,2021-03-12 02:40:25
71.42106,-146.42139,2021-03-12 02:50:25
71.42085,-146.42165,2021-03-12 03:00:24
71.4207,-146.42181,2021-03-12 03:10:25
71.42054,-146.42201,2021-03-12 03:20:27
71.42035,-146.42229,2021-03-12 03:30:26
71.42014,-146.42261,2021-03-12 03:40:26
71.42,-146.42291,2021-03-12 03:50:26
71.41985,-146.42332,2021-03-12 04:00:55
71.41969,-146.42375,2021-03-12 04:10:26
71.41949,-146.42422,2021-03-12 04:20:26
71.4193,-146.42467,2021-03-12 04:30:25
71.41911,-146.42509,2021-03-12 04:40:26
71.41891,-146.42555,2021-03-12 04:50:26
71.41873,-146.42601,2021-03-12 05:00:26
71.41854,-146.42651,2021-03-12 05:10:26
71.41838,-146.42703,2021-03-12 05:20:25
71.41819,-146.42752,2021-03-12 05:30:25
71.41808,-146.42805,2021-03-12 05:40:26
71.41793,-146.4286,2021-03-12 05:50:24
71.41778,-146.42914,2021-03-12 06:00:25
71.41763,-146.42967,2021-03-12 06:10:25
71.41749,-146.43019,2021-03-12 06:20:25
71.41733,-146.43065,2021-03-12 06:30:26
71.41716,-146.43112,2021-03-12 06:40:26
71.41698,-146.43159,2021-03-12 06:50:54
71.4168,-146.43198,2021-03-12 07:00:25
71.41663,-146.43239,2021-03-12 07:10:25
71.41646,-146.43288,2021-03-12 07:20:25
71.41629,-146.43335,2021-03-12 07:30:25
71.41613,-146.43384,2021-03-12 07:40:25
71.41597,-146.4343,2021-03-12 07:50:25
71.41584,-146.43468,2021-03-12 08:00:29
71.41566,-146.43513,2021-03-12 08:10:27
71.41553,-146.43553,2021-03-12 08:20:26
71.41538,-146.43594,2021-03-12 08:30:26
71.41526,-146.43634,2021-03-12 08:40:26
71.41515,-146.43672,2021-03-12 08:50:26
71.41505,-146.43709,2021-03-12 09:00:27
71.41495,-146.43744,2021-03-12 09:10:26
71.41486,-146.43779,2021-03-12 09:20:25
71.41477,-146.43811,2021-03-12 09:30:26
71.4147,-146.4384,2021-03-12 09:40:26
71.41462,-146.43871,2021-03-12 09:50:26
71.41454,-146.43898,2021-03-12 10:00:25
71.41449,-146.43925,2021-03-12 10:10:25
71.41442,-146.43953,2021-03-12 10:20:24
71.41436,-146.43979,2021-03-12 10:30:25
71.41429,-146.44009,2021-03-12 10:40:25
71.41422,-146.44035,2021-03-12 10:50:25
71.41416,-146.44058,2021-03-12 11:00:25
71.41409,-146.44083,2021-03-12 11:10:27
71.41403,-146.44101,2021-03-12 11:20:54
71.41397,-146.44116,2021-03-12 11:30:25
71.41392,-146.44131,2021-03-12 11:40:25
71.41386,-146.44145,2021-03-12 11:50:25
71.4138,-146.44159,2021-03-12 12:00:25
71.41376,-146.4417,2021-03-12 12:10:25
71.41371,-146.44177,2021-03-12 12:20:25
71.41368,-146.44186,2021-03-12 12:30:24
71.41362,-146.44191,2021-03-12 12:40:26
71.41357,-146.44196,2021-03-12 12:50:26
71.41353,-146.44197,2021-03-12 13:00:26
71.41348,-146.44199,2021-03-12 13:10:26
71.41343,-146.44197,2021-03-12 13:20:26
71.41338,-146.44197,2021-03-12 13:30:25
71.41335,-146.44197,2021-03-12 13:40:26
71.41328,-146.44197,2021-03-12 13:50:26
71.4132,-146.442,2021-03-12 14:00:54
71.41315,-146.44197,2021-03-12 14:10:26
71.41306,-146.44197,2021-03-12 14:20:26
71.41296,-146.44197,2021-03-12 14:30:24
71.41284,-146.44199,2021-03-12 14:40:25
71.41273,-146.44199,2021-03-12 14:50:25
71.41261,-146.44199,2021-03-12 15:00:25
71.41251,-146.44196,2021-03-12 15:10:25
71.41238,-146.44197,2021-03-12 15:20:25
71.41228,-146.44203,2021-03-12 15:30:25
71.41222,-146.44202,2021-03-12 15:40:25
71.41216,-146.442,2021-03-12 15:50:25
71.41206,-146.44202,2021-03-12 16:00:25
71.41196,-146.44208,2021-03-12 16:10:25
71.41186,-146.44215,2021-03-12 16:20:25
71.41176,-146.44225,2021-03-12 16:30:26
71.41167,-146.44232,2021-03-12 16:40:26
71.41158,-146.44241,2021-03-12 16:50:26
71.41149,-146.44254,2021-03-12 17:00:26
71.41141,-146.44263,2021-03-12 17:10:25
71.41135,-146.44272,2021-03-12 17:20:55
71.4113,-146.44281,2021-03-12 17:30:26
71.41125,-146.4429,2021-03-12 17:40:26
71.41121,-146.44301,2021-03-12 17:50:25
71.41118,-146.44313,2021-03-12 18:00:25
71.41116,-146.44324,2021-03-12 18:10:24
71.41113,-146.44336,2021-03-12 18:20:25
71.41109,-146.44337,2021-03-12 18:30:25
71.41111,-146.44362,2021-03-12 18:40:26
71.41112,-146.44377,2021-03-12 18:50:25
71.41111,-146.44392,2021-03-12 19:00:25
71.41112,-146.44408,2021-03-12 19:10:25
71.41112,-146.44424,2021-03-12 19:20:25
71.41113,-146.44443,2021-03-12 19:30:25
71.41113,-146.44461,2021-03-12 19:40:25
71.41113,-146.44479,2021-03-12 19:50:25
71.41113,-146.44502,2021-03-12 20:00:54
71.41114,-146.44525,2021-03-12 20:10:26
71.41116,-146.4455,2021-03-12 20:20:26
71.41118,-146.44576,2021-03-12 20:30:26
71.41121,-146.44601,2021-03-12 20:40:26
71.41122,-146.44627,2021-03-12 20:50:26
71.41125,-146.44655,2021-03-12 21:00:26
71.41128,-146.44684,2021-03-12 21:10:25
71.41131,-146.44713,2021-03-12 21:20:26
71.41135,-146.44742,2021-03-12 21:30:30
71.41137,-146.44774,2021-03-12 21:40:26
71.41141,-146.44803,2021-03-12 21:50:25
71.41146,-146.44833,2021-03-12 22:00:25
71.41151,-146.44864,2021-03-12 22:10:25
71.41157,-146.44893,2021-03-12 22:20:24
71.41163,-146.44925,2021-03-12 22:30:25
71.41168,-146.44954,2021-03-12 22:40:25
71.41174,-146.44984,2021-03-12 22:50:25
71.41181,-146.45016,2021-03-12 23:00:25
71.41188,-146.4505,2021-03-12 23:10:25
71.41195,-146.45084,2021-03-12 23:20:25
71.41201,-146.45116,2021-03-12 23:30:24
71.41209,-146.45152,2021-03-12 23:40:25
71.41222,-146.45204,2021-03-12 23:53:59
71.41226,-146.45227,2021-03-13 00:00:26
71.41235,-146.45264,2021-03-13 00:10:25
71.41243,-146.45303,2021-03-13 00:20:25
71.41251,-146.45343,2021-03-13 00:30:25
71.41261,-146.45384,2021-03-13 00:40:24
71.4127,-146.45425,2021-03-13 00:50:25
71.41281,-146.45467,2021-03-13 01:00:25
71.41292,-146.45511,2021-03-13 01:10:26
71.413,-146.45552,2021-03-13 01:20:26
71.41311,-146.45596,2021-03-13 01:30:26
71.4132,-146.45641,2021-03-13 01:40:26
71.41329,-146.45685,2021-03-13 01:50:26
71.41338,-146.45732,2021-03-13 02:00:55
71.41348,-146.45776,2021-03-13 02:10:26
71.41357,-146.45822,2021-03-13 02:20:26
71.41368,-146.45868,2021-03-13 02:30:26
71.41378,-146.45911,2021-03-13 02:40:26
71.41387,-146.45955,2021-03-13 02:50:25
71.41397,-146.45998,2021-03-13 03:00:25
71.41405,-146.46043,2021-03-13 03:10:25
71.41415,-146.46088,2021-03-13 03:20:24
71.41423,-146.46136,2021-03-13 03:30:25
71.41433,-146.46181,2021-03-13 03:40:25
71.41443,-146.4623,2021-03-13 03:50:25
71.41453,-146.46278,2021-03-13 04:00:25
71.41463,-146.46327,2021-03-13 04:10:26
71.41474,-146.46376,2021-03-13 04:20:24
71.41488,-146.46426,2021-03-13 04:30:25
71.41501,-146.46486,2021-03-13 04:40:54
71.41512,-146.46535,2021-03-13 04:50:26
71.41526,-146.4659,2021-03-13 05:00:25
71.4154,-146.46645,2021-03-13 05:10:25
71.41553,-146.46701,2021-03-13 05:20:25
71.41567,-146.46754,2021-03-13 05:30:25
71.41582,-146.46808,2021-03-13 05:40:26
71.41594,-146.46858,2021-03-13 05:50:26
71.4161,-146.46901,2021-03-13 06:00:26
71.41623,-146.4697,2021-03-13 06:10:26
71.41637,-146.47026,2021-03-13 06:20:26
71.41654,-146.47087,2021-03-13 06:30:25
71.41671,-146.4715,2021-03-13 06:40:26
71.41688,-146.47218,2021-03-13 06:50:26
71.41707,-146.47285,2021-03-13 07:00:26
71.41727,-146.47359,2021-03-13 07:10:26
71.41749,-146.47433,2021-03-13 07:20:25
71.4177,-146.47508,2021-03-13 07:30:26
71.41794,-146.47589,2021-03-13 07:40:54
71.41816,-146.47664,2021-03-13 07:50:26
71.4184,-146.47743,2021-03-13 08:00:25
71.41866,-146.47821,2021-03-13 08:10:25
71.4189,-146.47899,2021-03-13 08:20:25
71.41914,-146.47975,2021-03-13 08:30:25
71.41939,-146.48053,2021-03-13 08:40:24
71.41965,-146.48132,2021-03-13 08:50:25
71.41993,-146.48204,2021-03-13 09:00:25
71.4202,-146.48288,2021-03-13 09:10:25
71.42048,-146.48366,2021-03-13 09:20:25
71.42075,-146.48439,2021-03-13 09:30:25
71.42104,-146.48517,2021-03-13 09:40:26
71.42133,-146.48596,2021-03-13 09:50:26
71.42168,-146.48689,2021-03-13 10:00:55
71.422,-146.48775,2021-03-13 10:10:26
71.42234,-146.48863,2021-03-13 10:20:26
71.42269,-146.48959,2021-03-13 10:30:26
71.42306,-146.49052,2021-03-13 10:40:26
71.42345,-146.49149,2021-03-13 10:50:26
71.42384,-146.49248,2021-03-13 11:00:26
71.42426,-146.49345,2021-03-13 11:10:25
71.42471,-146.49448,2021-03-13 11:20:25
71.42516,-146.49553,2021-03-13 11:30:24
71.42558,-146.49658,2021-03-13 11:40:25
71.42599,-146.49751,2021-03-13 11:50:25
71.4264,-146.49838,2021-03-13 12:00:25
71.42679,-146.49918,2021-03-13 12:10:25
71.42719,-146.5,2021-03-13 12:20:25
71.42762,-146.50087,2021-03-13 12:30:24
71.42805,-146.50172,2021-03-13 12:40:25
71.42849,-146.50256,2021-03-13 12:50:25
71.42891,-146.50339,2021-03-13 13:00:25
71.42927,-146.50435,2021-03-13 13:10:25
71.4297,-146.50516,2021-03-13 13:20:25
71.43022,-146.506,2021-03-13 13:30:54
71.43066,-146.50688,2021-03-13 13:40:26
71.43114,-146.50784,2021-03-13 13:50:26
71.43163,-146.50883,2021-03-13 14:00:26
71.43214,-146.50981,2021-03-13 14:10:26
71.43267,-146.51076,2021-03-13 14:20:27
71.43321,-146.51173,2021-03-13 14:30:27
71.43378,-146.51274,2021-03-13 14:40:25
71.43433,-146.51379,2021-03-13 14:50:26
71.43494,-146.51485,2021-03-13 15:00:27
71.43551,-146.5161,2021-03-13 15:10:26
71.43611,-146.51721,2021-03-13 15:20:25
71.43673,-146.51834,2021-03-13 15:30:25
71.43738,-146.5195,2021-03-13 15:40:24
71.43801,-146.52066,2021-03-13 15:50:25
71.43867,-146.52187,2021-03-13 16:00:54
71.43927,-146.52289,2021-03-13 16:10:27
71.43989,-146.52396,2021-03-13 16:20:26
71.44051,-146.5251,2021-03-13 16:30:25
71.44112,-146.52634,2021-03-13 16:40:24
71.44176,-146.52751,2021-03-13 16:50:25
71.44242,-146.52863,2021-03-13 17:00:25
71.44309,-146.52974,2021-03-13 17:10:26
71.44376,-146.53087,2021-03-13 17:20:25
71.44444,-146.53201,2021-03-13 17:30:25
71.44502,-146.53325,2021-03-13 17:40:26
71.44564,-146.53447,2021-03-13 17:50:26
71.44632,-146.53577,2021-03-13 18:00:26
71.44701,-146.53714,2021-03-13 18:10:26
71.44769,-146.53838,2021-03-13 18:20:28
71.44846,-146.5397,2021-03-13 18:30:55
71.44915,-146.541,2021-03-13 18:40:26
71.44988,-146.5424,2021-03-13 18:50:25
71.45061,-146.54382,2021-03-13 19:00:26
71.45135,-146.5452,2021-03-13 19:10:26
71.45209,-146.54659,2021-03-13 19:20:26
71.45283,-146.548,2021-03-13 19:30:26
71.45358,-146.54933,2021-03-13 19:40:25
71.45435,-146.55067,2021-03-13 19:50:25
71.45514,-146.55208,2021-03-13 20:00:24
71.45591,-146.55353,2021-03-13 20:10:25
71.45669,-146.55496,2021-03-13 20:20:25
71.4575,-146.55638,2021-03-13 20:30:25
71.45832,-146.55783,2021-03-13 20:40:25
71.45915,-146.55936,2021-03-13 20:50:25
71.45996,-146.56096,2021-03-13 21:00:25
71.46083,-146.56253,2021-03-13 21:10:24
71.46172,-146.56406,2021-03-13 21:20:25
71.46259,-146.56558,2021-03-13 21:30:25
71.46349,-146.56721,2021-03-13 21:40:25
71.46442,-146.5688,2021-03-13 21:50:25
71.46538,-146.57059,2021-03-13 22:00:54
71.46622,-146.57214,2021-03-13 22:10:26
71.46709,-146.57367,2021-03-13 22:20:25
71.46795,-146.57524,2021-03-13 22:30:25
71.46884,-146.57681,2021-03-13 22:40:26
71.46975,-146.57829,2021-03-13 22:50:26
71.4707,-146.57983,2021-03-13 23:00:26
71.47162,-146.58145,2021-03-13 23:10:26
71.47258,-146.58311,2021-03-13 23:20:26
71.47358,-146.58487,2021-03-13 23:30:26
71.47453,-146.58646,2021-03-13 23:40:26
71.47551,-146.58824,2021-03-13 23:50:26
71.4765,-146.59006,2021-03-14 00:00:26
71.47749,-146.59186,2021-03-14 00:10:26
71.47849,-146.59363,2021-03-14 00:20:26
71.47948,-146.59531,2021-03-14 00:30:26
71.48049,-146.59685,2021-03-14 00:40:25
71.48147,-146.59834,2021-03-14 00:50:25
71.48245,-146.59984,2021-03-14 01:00:24
71.48338,-146.60136,2021-03-14 01:10:25
71.48438,-146.603,2021-03-14 01:20:54
71.4853,-146.60451,2021-03-14 01:30:26
71.48623,-146.60609,2021-03-14 01:40:25
71.48715,-146.6077,2021-03-14 01:50:25
71.48803,-146.60933,2021-03-14 02:00:25
71.48885,-146.61102,2021-03-14 02:10:25
71.48968,-146.61266,2021-03-14 02:20:25
71.49048,-146.61436,2021-03-14 02:30:24
71.49126,-146.61612,2021-03-14 02:40:24
71.49205,-146.61787,2021-03-14 02:50:26
71.49283,-146.61961,2021-03-14 03:00:25
71.49362,-146.6214,2021-03-14 03:10:25
71.49441,-146.62323,2021-03-14 03:20:25
71.49521,-146.625,2021-03-14 03:30:25
71.49605,-146.62653,2021-03-14 03:40:25
71.4969,-146.62816,2021-03-14 03:50:25
71.49774,-146.63008,2021-03-14 04:00:55
71.49856,-146.63191,2021-03-14 04:10:26
71.49941,-146.6339,2021-03-14 04:20:26
71.50027,-146.63591,2021-03-14 04:30:26
71.50114,-146.63797,2021-03-14 04:40:26
71.50198,-146.64,2021-03-14 04:50:26
71.50281,-146.642,2021-03-14 05:00:26
71.50361,-146.64403,2021-03-14 05:10:26
71.50442,-146.64615,2021-03-14 05:20:26
71.50525,-146.64822,2021-03-14 05:30:25
71.50605,-146.65044,2021-03-14 05:40:26
71.50687,-146.65259,2021-03-14 05:50:26
71.50769,-146.65474,2021-03-14 06:00:26
71.50851,-146.65691,2021-03-14 06:10:26
71.50929,-146.6591,2021-03-14 06:20:25
71.51008,-146.66127,2021-03-14 06:30:25
71.51086,-146.66348,2021-03-14 06:40:24
71.51167,-146.66589,2021-03-14 06:50:54
71.51242,-146.66808,2021-03-14 07:00:26
71.51321,-146.67038,2021-03-14 07:10:25
71.51402,-146.67256,2021-03-14 07:20:25
71.51479,-146.67482,2021-03-14 07:30:25
71.51554,-146.67715,2021-03-14 07:40:25
71.51628,-146.67938,2021-03-14 07:50:25
71.51705,-146.6814,2021-03-14 08:00:25
71.51772,-146.68359,2021-03-14 08:10:25
71.51846,-146.68579,2021-03-14 08:20:25
71.51919,-146.68811,2021-03-14 08:30:25
71.51993,-146.69043,2021-03-14 08:40:25
71.52066,-146.6927,2021-03-14 08:50:25
71.52139,-146.69501,2021-03-14 09:00:25
71.52214,-146.69725,2021-03-14 09:10:25
71.52291,-146.69968,2021-03-14 09:20:26
71.5237,-146.70221,2021-03-14 09:30:25
71.52451,-146.7048,2021-03-14 09:40:26
71.52533,-146.70717,2021-03-14 09:50:55
71.52609,-146.70926,2021-03-14 10:00:26
71.52691,-146.71143,2021-03-14 10:10:26
71.52769,-146.71382,2021-03-14 10:20:26
71.52847,-146.71638,2021-03-14 10:30:26
71.52928,-146.71898,2021-03-14 10:40:26
71.5301,-146.72154,2021-03-14 10:50:25
71.53095,-146.72415,2021-03-14 11:00:26
71.5318,-146.72684,2021-03-14 11:10:26
71.53265,-146.72945,2021-03-14 11:20:26
71.53352,-146.73212,2021-03-14 11:30:26
71.53436,-146.73483,2021-03-14 11:40:25
71.53523,-146.73753,2021-03-14 11:50:25
71.53613,-146.74042,2021-03-14 12:00:54
71.53693,-146.743,2021-03-14 12:10:25
71.53778,-146.74579,2021-03-14 12:20:25
71.53865,-146.74858,2021-03-14 12:30:25
71.53951,-146.75137,2021-03-14 12:40:25
71.54042,-146.75429,2021-03-14 12:50:25
71.54139,-146.75732,2021-03-14 13:00:25
71.54234,-146.76028,2021-03-14 13:10:25
71.54327,-146.76314,2021-03-14 13:20:25
71.54415,-146.7659,2021-03-14 13:30:24
71.54503,-146.76863,2021-03-14 13:40:25
71.54594,-146.77141,2021-03-14 13:50:25
71.54687,-146.77452,2021-03-14 14:00:25
71.54778,-146.77771,2021-03-14 14:10:25
71.54867,-146.7809,2021-03-14 14:20:25
71.5496,-146.78416,2021-03-14 14:30:25
71.55054,-146.78745,2021-03-14 14:40:25
71.5515,-146.79077,2021-03-14 14:50:25
71.55251,-146.79416,2021-03-14 15:00:26
71.55351,-146.79756,2021-03-14 15:10:30
71.55453,-146.80101,2021-03-14 15:20:26
71.55556,-146.8045,2021-03-14 15:30:26
71.5566,-146.80803,2021-03-14 15:40:26
71.55764,-146.81158,2021-03-14 15:50:27
71.55866,-146.81506,2021-03-14 16:00:26
71.55965,-146.81831,2021-03-14 16:10:25
71.56063,-146.82185,2021-03-14 16:20:26
71.56164,-146.82545,2021-03-14 16:30:26
71.56264,-146.82901,2021-03-14 16:40:26
71.56362,-146.83252,2021-03-14 16:50:26
71.56461,-146.83598,2021-03-14 17:00:25
71.56557,-146.83949,2021-03-14 17:10:25
71.56654,-146.84283,2021-03-14 17:20:25
71.56751,-146.84628,2021-03-14 17:30:24
71.5685,-146.84973,2021-03-14 17:40:25
71.56948,-146.85321,2021-03-14 17:50:25
71.5705,-146.85686,2021-03-14 18:00:54
71.57141,-146.86017,2021-03-14 18:10:26
71.57239,-146.86365,2021-03-14 18:20:25
71.57336,-146.86714,2021-03-14 18:30:25
71.57433,-146.8707,2021-03-14 18:40:25
71.57526,-146.8741,2021-03-14 18:50:24
71.57619,-146.87759,2021-03-14 19:00:24
71.57712,-146.88116,2021-03-14 19:10:25
71.57806,-146.88467,2021-03-14 19:20:25
71.57899,-146.88811,2021-03-14 19:30:25
71.57997,-146.89183,2021-03-14 19:40:24
71.58094,-146.89565,2021-03-14 19:50:25
71.58189,-146.89946,2021-03-14 20:00:25
71.58289,-146.90326,2021-03-14 20:10:25
71.58386,-146.90709,2021-03-14 20:20:25
71.58487,-146.911,2021-03-14 20:30:26
71.58587,-146.9149,2021-03-14 20:40:26
71.58687,-146.9189,2021-03-14 20:50:26
71.58788,-146.92288,2021-03-14 21:00:26
71.5889,-146.92693,2021-03-14 21:10:26
71.58987,-146.93097,2021-03-14 21:20:26
71.5908,-146.93506,2021-03-14 21:30:27
71.59185,-146.93916,2021-03-14 21:40:27
71.59287,-146.9433,2021-03-14 21:50:26
71.59409,-146.94789,2021-03-14 22:00:55
71.59509,-146.95192,2021-03-14 22:10:26
71.59614,-146.95624,2021-03-14 22:20:26
71.59721,-146.96056,2021-03-14 22:30:26
71.59827,-146.96486,2021-03-14 22:40:26
71.59933,-146.96925,2021-03-14 22:50:26
71.6004,-146.97365,2021-03-14 23:00:25
71.60146,-146.97801,2021-03-14 23:10:25
71.60254,-146.98242,2021-03-14 23:20:25
71.60363,-146.98683,2021-03-14 23:30:24
71.60473,-146.99123,2021-03-14 23:40:25
71.60583,-146.99557,2021-03-14 23:50:25
71.60693,-146.99992,2021-03-15 00:00:25
71.60805,-147.00424,2021-03-15 00:10:25
71.60916,-147.00853,2021-03-15 00:20:25
71.61028,-147.01274,2021-03-15 00:30:26
71.6114,-147.01698,2021-03-15 00:40:25
71.61253,-147.02129,2021-03-15 00:50:25
71.61369,-147.02559,2021-03-15 01:00:26
71.61485,-147.02995,2021-03-15 01:10:54
71.61588,-147.03391,2021-03-15 01:20:26
71.61697,-147.03801,2021-03-15 01:30:25
71.61806,-147.04216,2021-03-15 01:40:25
71.61911,-147.04626,2021-03-15 01:50:25
71.62012,-147.05017,2021-03-15 02:00:25
71.6211,-147.05421,2021-03-15 02:10:25
71.62215,-147.05826,2021-03-15 02:20:25
71.62317,-147.06232,2021-03-15 02:30:25
71.62427,-147.06647,2021-03-15 02:40:25
71.62533,-147.07057,2021-03-15 02:50:25
71.62631,-147.07466,2021-03-15 03:00:26
71.62823,-147.08281,2021-03-15 03:20:26
71.62918,-147.08679,2021-03-15 03:30:26
71.63008,-147.09065,2021-03-15 03:40:26
71.63097,-147.09438,2021-03-15 03:50:26
71.6319,-147.0983,2021-03-15 04:00:55
71.63274,-147.10191,2021-03-15 04:10:26
71.63361,-147.1058,2021-03-15 04:20:26
71.63446,-147.10968,2021-03-15 04:30:25
71.63532,-147.11359,2021-03-15 04:40:26
71.63616,-147.11748,2021-03-15 04:50:26
71.637,-147.12134,2021-03-15 05:00:26
71.63783,-147.1252,2021-03-15 05:10:26
71.63866,-147.12907,2021-03-15 05:20:26
71.63948,-147.13298,2021-03-15 05:30:25
71.6403,-147.13684,2021-03-15 05:40:26
71.64111,-147.14076,2021-03-15 05:50:25
71.64191,-147.14467,2021-03-15 06:00:25
71.6427,-147.14859,2021-03-15 06:10:25
71.64349,-147.15251,2021-03-15 06:20:25
71.64429,-147.15643,2021-03-15 06:30:25
71.64508,-147.16037,2021-03-15 06:40:26
71.6459,-147.16454,2021-03-15 06:50:54
71.64664,-147.16827,2021-03-15 07:00:26
71.6474,-147.1722,2021-03-15 07:10:25
71.64816,-147.17613,2021-03-15 07:20:25
71.64894,-147.1801,2021-03-15 07:30:24
71.64968,-147.18408,2021-03-15 07:40:25
71.65043,-147.18808,2021-03-15 07:50:25
71.65119,-147.19209,2021-03-15 08:00:27
71.65187,-147.19612,2021-03-15 08:10:25
71.65259,-147.20013,2021-03-15 08:20:25
71.65331,-147.20419,2021-03-15 08:30:25
71.65402,-147.20827,2021-03-15 08:40:25
71.65473,-147.21236,2021-03-15 08:50:25
71.65543,-147.21643,2021-03-15 09:00:25
71.65613,-147.22058,2021-03-15 09:10:26
71.65681,-147.22469,2021-03-15 09:20:26
71.65752,-147.22891,2021-03-15 09:30:26
71.65822,-147.23326,2021-03-15 09:40:55
71.65888,-147.23727,2021-03-15 09:50:26
71.65957,-147.2415,2021-03-15 10:00:26
71.66026,-147.24571,2021-03-15 10:10:26
71.66094,-147.24995,2021-03-15 10:20:25
71.66162,-147.2542,2021-03-15 10:30:26
71.6623,-147.25845,2021-03-15 10:40:26
71.66296,-147.26274,2021-03-15 10:50:26
71.66364,-147.26686,2021-03-15 11:00:26
71.66424,-147.27133,2021-03-15 11:10:26
71.66486,-147.2756,2021-03-15 11:20:25
71.66549,-147.27992,2021-03-15 11:30:25
71.66611,-147.28423,2021-03-15 11:40:24
71.66674,-147.28859,2021-03-15 11:50:25
71.66739,-147.29312,2021-03-15 12:00:54
71.66799,-147.2973,2021-03-15 12:10:26
71.66862,-147.3017,2021-03-15 12:20:25
71.66926,-147.30611,2021-03-15 12:30:25
71.66991,-147.31055,2021-03-15 12:40:25
71.67056,-147.31496,2021-03-15 12:50:25
71.67122,-147.31932,2021-03-15 13:00:25
71.67188,-147.3237,2021-03-15 13:10:24
71.67256,-147.32812,2021-03-15 13:20:25
71.67321,-147.33255,2021-03-15 13:30:25
71.67386,-147.33698,2021-03-15 13:40:24
71.67449,-147.34145,2021-03-15 13:50:25
71.67514,-147.3459,2021-03-15 14:00:25
71.67579,-147.35034,2021-03-15 14:10:25
71.67645,-147.35472,2021-03-15 14:20:25
71.67714,-147.35909,2021-03-15 14:30:26
71.6778,-147.36349,2021-03-15 14:40:26
71.67848,-147.36789,2021-03-15 14:50:26
71.67916,-147.37228,2021-03-15 15:00:26
71.67985,-147.37668,2021-03-15 15:10:26
71.68056,-147.38112,2021-03-15 15:20:55
71.68121,-147.38513,2021-03-15 15:30:27
71.68189,-147.38947,2021-03-15 15:40:26
71.68256,-147.39375,2021-03-15 15:50:25
71.68322,-147.39803,2021-03-15 16:00:26
71.68387,-147.40227,2021-03-15 16:10:26
71.68453,-147.40651,2021-03-15 16:20:26
71.6852,-147.41074,2021-03-15 16:30:29
71.68587,-147.41489,2021-03-15 16:40:25
71.68656,-147.41902,2021-03-15 16:50:25
71.68725,-147.42303,2021-03-15 17:00:24
71.68793,-147.42706,2021-03-15 17:10:24
71.68862,-147.43105,2021-03-15 17:20:25
71.68932,-147.43503,2021-03-15 17:30:25
71.69002,-147.439,2021-03-15 17:40:25
71.6907,-147.44305,2021-03-15 17:50:26
71.69138,-147.44748,2021-03-15 18:00:54
71.69199,-147.45149,2021-03-15 18:10:26
71.69264,-147.45557,2021-03-15 18:20:25
71.69331,-147.45964,2021-03-15 18:30:24
71.69399,-147.46376,2021-03-15 18:40:25
71.69465,-147.46786,2021-03-15 18:50:25
71.6953,-147.47195,2021-03-15 19:00:25
71.69595,-147.47606,2021-03-15 19:10:25
71.69659,-147.48016,2021-03-15 19:20:25
71.69722,-147.48438,2021-03-15 19:30:25
71.69786,-147.48851,2021-03-15 19:40:26
71.69852,-147.49266,2021-03-15 19:50:25
71.69919,-147.49686,2021-03-15 20:00:26
71.69981,-147.50102,2021-03-15 20:10:26
71.70041,-147.50517,2021-03-15 20:20:26
71.70102,-147.50931,2021-03-15 20:30:26
71.70158,-147.51343,2021-03-15 20:40:26
71.70208,-147.51755,2021-03-15 20:50:26
71.70257,-147.52167,2021-03-15 21:00:26
71.70306,-147.52579,2021-03-15 21:10:26
71.70355,-147.52995,2021-03-15 21:20:26
71.70408,-147.53416,2021-03-15 21:30:26
71.70464,-147.53847,2021-03-15 21:40:27
71.70515,-147.54274,2021-03-15 21:50:27
71.70575,-147.54736,2021-03-15 22:00:54
71.70625,-147.5515,2021-03-15 22:10:26
71.70676,-147.55586,2021-03-15 22:20:25
71.70727,-147.56024,2021-03-15 22:30:25
71.70775,-147.56458,2021-03-15 22:40:25
71.70823,-147.56889,2021-03-15 22:50:25
71.70869,-147.57317,2021-03-15 23:00:24
71.70918,-147.57744,2021-03-15 23:10:25
71.70969,-147.58173,2021-03-15 23:20:25
71.71021,-147.58603,2021-03-15 23:30:25
71.71066,-147.59032,2021-03-15 23:40:24
71.71112,-147.5946,2021-03-15 23:50:25
71.71155,-147.59885,2021-03-16 00:00:25
71.71195,-147.60297,2021-03-16 00:10:25
71.71234,-147.60706,2021-03-16 00:20:24
71.71272,-147.61113,2021-03-16 00:30:25
71.7131,-147.61517,2021-03-16 00:40:25
71.7135,-147.61919,2021-03-16 00:50:26
71.71387,-147.62311,2021-03-16 01:00:26
71.71425,-147.62718,2021-03-16 01:10:54
71.7146,-147.63089,2021-03-16 01:20:26
71.71496,-147.63472,2021-03-16 01:30:25
71.71532,-147.63849,2021-03-16 01:40:25
71.71567,-147.64224,2021-03-16 01:50:25
71.716,-147.64597,2021-03-16 02:00:25
71.71629,-147.64949,2021-03-16 02:10:25
71.71657,-147.65291,2021-03-16 02:20:26
71.71684,-147.65628,2021-03-16 02:30:27
71.71704,-147.65971,2021-03-16 02:40:27
71.71729,-147.66301,2021-03-16 02:50:26
71.71753,-147.66628,2021-03-16 03:00:26
71.71777,-147.66951,2021-03-16 03:10:26
71.718,-147.67276,2021-03-16 03:20:26
71.71821,-147.67598,2021-03-16 03:30:26
71.71841,-147.67917,2021-03-16 03:40:26
71.71862,-147.68233,2021-03-16 03:50:25
71.71883,-147.68559,2021-03-16 04:00:55
71.71902,-147.68857,2021-03-16 04:10:26
71.71923,-147.69176,2021-03-16 04:20:26
71.71943,-147.69498,2021-03-16 04:30:26
71.71963,-147.69817,2021-03-16 04:40:26
71.71981,-147.70132,2021-03-16 04:50:25
71.71997,-147.70451,2021-03-16 05:00:25
71.72014,-147.70781,2021-03-16 05:10:25
71.72029,-147.71112,2021-03-16 05:20:24
71.72044,-147.71446,2021-03-16 05:30:24
71.72058,-147.71786,2021-03-16 05:40:25
71.72071,-147.72131,2021-03-16 05:50:25
71.72083,-147.72476,2021-03-16 06:00:25
71.72095,-147.72832,2021-03-16 06:10:25
71.72107,-147.73195,2021-03-16 06:20:25
71.72118,-147.7356,2021-03-16 06:30:25
71.72129,-147.73955,2021-03-16 06:40:54
71.72141,-147.7431,2021-03-16 06:50:26
71.72152,-147.74681,2021-03-16 07:00:24
71.72161,-147.75047,2021-03-16 07:10:25
71.72168,-147.75406,2021-03-16 07:20:25
71.72177,-147.75766,2021-03-16 07:30:25
71.72188,-147.76125,2021-03-16 07:40:26
71.72198,-147.76479,2021-03-16 07:50:25
71.7221,-147.76833,2021-03-16 08:00:25
71.7222,-147.77187,2021-03-16 08:10:25
71.7223,-147.77538,2021-03-16 08:20:25
71.72238,-147.77885,2021-03-16 08:30:26
71.72246,-147.78233,2021-03-16 08:40:26
71.72258,-147.78596,2021-03-16 08:50:26
71.72275,-147.7896,2021-03-16 09:00:26
71.72291,-147.79314,2021-03-16 09:10:26
71.72307,-147.79666,2021-03-16 09:20:26
71.72321,-147.80016,2021-03-16 09:30:26
71.72335,-147.80376,2021-03-16 09:40:55
71.72346,-147.80702,2021-03-16 09:50:25
71.72359,-147.81046,2021-03-16 10:00:26
71.72371,-147.81387,2021-03-16 10:10:26
71.72383,-147.81723,2021-03-16 10:20:26
71.72393,-147.8206,2021-03-16 10:30:26
71.72404,-147.82399,2021-03-16 10:40:25
71.72414,-147.82739,2021-03-16 10:50:25
71.72427,-147.83081,2021-03-16 11:00:25
71.7244,-147.83447,2021-03-16 11:10:26
71.72457,-147.83804,2021-03-16 11:20:25
71.72471,-147.84163,2021-03-16 11:30:25
71.72488,-147.84529,2021-03-16 11:40:25
71.72507,-147.84895,2021-03-16 11:50:25
71.72525,-147.85274,2021-03-16 12:00:54
71.72536,-147.85616,2021-03-16 12:10:26
71.7255,-147.85974,2021-03-16 12:20:25
71.72571,-147.86337,2021-03-16 12:30:24
71.72583,-147.86691,2021-03-16 12:40:24
71.72596,-147.87036,2021-03-16 12:50:25
71.7261,-147.87393,2021-03-16 13:00:25
71.72625,-147.87755,2021-03-16 13:10:25
71.72643,-147.88115,2021-03-16 13:20:25
71.7266,-147.88466,2021-03-16 13:30:26
71.72681,-147.88831,2021-03-16 13:40:25
71.72701,-147.89188,2021-03-16 13:50:25
71.72723,-147.89543,2021-03-16 14:00:26
71.72744,-147.8988,2021-03-16 14:10:26
71.72759,-147.90199,2021-03-16 14:20:26
71.72778,-147.90535,2021-03-16 14:30:26
71.72794,-147.90858,2021-03-16 14:40:26
71.72811,-147.91168,2021-03-16 14:50:26
71.72829,-147.91493,2021-03-16 15:00:27
71.72848,-147.91817,2021-03-16 15:10:25
71.72871,-147.92165,2021-03-16 15:20:55
71.72888,-147.9247,2021-03-16 15:30:26
71.7291,-147.92789,2021-03-16 15:40:26
71.72933,-147.93103,2021-03-16 15:50:26
71.72955,-147.9341,2021-03-16 16:00:25
71.72977,-147.93713,2021-03-16 16:10:25
71.7299,-147.94,2021-03-16 16:20:25
71.73,-147.94278,2021-03-16 16:30:24
71.73009,-147.94559,2021-03-16 16:40:25
71.73022,-147.94847,2021-03-16 16:50:25
71.73034,-147.95128,2021-03-16 17:00:25
71.73037,-147.95406,2021-03-16 17:10:25
71.73039,-147.95682,2021-03-16 17:20:25
71.73041,-147.95958,2021-03-16 17:30:25
71.73045,-147.96236,2021-03-16 17:40:25
71.73048,-147.96518,2021-03-16 17:50:24
71.73051,-147.9682,2021-03-16 18:00:54
71.73056,-147.97105,2021-03-16 18:10:26
71.73061,-147.97412,2021-03-16 18:20:25
71.73066,-147.9772,2021-03-16 18:30:25
71.73066,-147.98016,2021-03-16 18:40:25
71.73065,-147.98305,2021-03-16 18:50:25
71.73064,-147.98598,2021-03-16 19:00:25
71.73064,-147.98892,2021-03-16 19:10:25
71.73064,-147.99191,2021-03-16 19:20:26
71.73064,-147.99487,2021-03-16 19:30:27
71.73064,-147.998,2021-03-16 19:40:27
71.73064,-148.00116,2021-03-16 19:50:27
71.73066,-148.00444,2021-03-16 20:00:26
71.73068,-148.0078,2021-03-16 20:10:26
71.73071,-148.01117,2021-03-16 20:20:26
71.73074,-148.01453,2021-03-16 20:30:25
71.73077,-148.01793,2021-03-16 20:40:26
71.73082,-148.02132,2021-03-16 20:50:26
71.73087,-148.02473,2021-03-16 21:00:26
71.73093,-148.02817,2021-03-16 21:10:26
71.73104,-148.03166,2021-03-16 21:20:26
71.73109,-148.03511,2021-03-16 21:30:27
71.73109,-148.0385,2021-03-16 21:40:27
71.73118,-148.04196,2021-03-16 21:50:27
71.73118,-148.04549,2021-03-16 22:00:54
71.73123,-148.04875,2021-03-16 22:10:26
71.73128,-148.05214,2021-03-16 22:20:25
71.73133,-148.05548,2021-03-16 22:30:25
71.73139,-148.05881,2021-03-16 22:40:25
71.73145,-148.06216,2021-03-16 22:50:25
71.73151,-148.06548,2021-03-16 23:00:25
71.73159,-148.06879,2021-03-16 23:10:25
71.73166,-148.07204,2021-03-16 23:20:24
71.73174,-148.07527,2021-03-16 23:30:25
71.73183,-148.07858,2021-03-16 23:40:26
71.73193,-148.0818,2021-03-16 23:50:25
71.73202,-148.08502,2021-03-17 00:00:25
71.73212,-148.08821,2021-03-17 00:10:25
71.73223,-148.09138,2021-03-17 00:20:25
71.73235,-148.09454,2021-03-17 00:30:25
71.73245,-148.09764,2021-03-17 00:40:25
71.73257,-148.10069,2021-03-17 00:50:24
71.73271,-148.10391,2021-03-17 01:00:55
71.73283,-148.10681,2021-03-17 01:10:26
71.73294,-148.10982,2021-03-17 01:20:26
71.73307,-148.11273,2021-03-17 01:30:26
71.73318,-148.11566,2021-03-17 01:40:26
71.73331,-148.11855,2021-03-17 01:50:26
71.73344,-148.12143,2021-03-17 02:00:26
71.73357,-148.12428,2021-03-17 02:10:26
71.73369,-148.12709,2021-03-17 02:20:25
71.7338,-148.1299,2021-03-17 02:30:26
71.73389,-148.13268,2021-03-17 02:40:26
71.73398,-148.13541,2021-03-17 02:50:26
71.73408,-148.13808,2021-03-17 03:00:26
71.73418,-148.14073,2021-03-17 03:10:26
71.73426,-148.14334,2021-03-17 03:20:25
71.73435,-148.14589,2021-03-17 03:30:25
71.73444,-148.14836,2021-03-17 03:40:25
71.73451,-148.15076,2021-03-17 03:50:24
71.73457,-148.15317,2021-03-17 04:00:54
71.73463,-148.15535,2021-03-17 04:10:26
71.73471,-148.1575,2021-03-17 04:20:25
71.73476,-148.15956,2021-03-17 04:30:25
71.73482,-148.16156,2021-03-17 04:40:25
71.73487,-148.16356,2021-03-17 04:50:25
71.73493,-148.16556,2021-03-17 05:00:25
71.73499,-148.16751,2021-03-17 05:10:25
71.73502,-148.16948,2021-03-17 05:20:24
71.73507,-148.17143,2021-03-17 05:30:25
71.73507,-148.17342,2021-03-17 05:40:24
71.73508,-148.1754,2021-03-17 05:50:25
71.73509,-148.17735,2021-03-17 06:00:25
71.73511,-148.17934,2021-03-17 06:10:25
71.73512,-148.18129,2021-03-17 06:20:25
71.73514,-148.18324,2021-03-17 06:30:26
71.73515,-148.18527,2021-03-17 06:40:55
71.73517,-148.18709,2021-03-17 06:50:26
71.73518,-148.18898,2021-03-17 07:00:26
71.73519,-148.1909,2021-03-17 07:10:26
71.73519,-148.19283,2021-03-17 07:20:26
71.73519,-148.19476,2021-03-17 07:30:26
71.73519,-148.1967,2021-03-17 07:40:26
71.73519,-148.19864,2021-03-17 07:50:26
71.73518,-148.20058,2021-03-17 08:00:25
71.73514,-148.20262,2021-03-17 08:10:26
71.73511,-148.20461,2021-03-17 08:20:26
71.7351,-148.20662,2021-03-17 08:30:26
71.73509,-148.20866,2021-03-17 08:40:26
71.73507,-148.21072,2021-03-17 08:50:25
71.73504,-148.21278,2021-03-17 09:00:25
71.73498,-148.2148,2021-03-17 09:10:24
71.73492,-148.21689,2021-03-17 09:20:24
71.73487,-148.21915,2021-03-17 09:30:54
71.73483,-148.22118,2021-03-17 09:40:26
71.73483,-148.22337,2021-03-17 09:50:25
71.73483,-148.22562,2021-03-17 10:00:25
71.73482,-148.22786,2021-03-17 10:10:25
71.73482,-148.23006,2021-03-17 10:20:25
71.73479,-148.23224,2021-03-17 10:30:24
71.73476,-148.23441,2021-03-17 10:40:25
71.73474,-148.23657,2021-03-17 10:50:25
71.7347,-148.23877,2021-03-17 11:00:25
71.73467,-148.24095,2021-03-17 11:10:25
71.73464,-148.24313,2021-03-17 11:20:25
71.7346,-148.24533,2021-03-17 11:30:25
71.73456,-148.24751,2021-03-17 11:40:25
71.7345,-148.24971,2021-03-17 11:50:26
71.73444,-148.25201,2021-03-17 12:00:55
71.73437,-148.25409,2021-03-17 12:10:26
71.73429,-148.25629,2021-03-17 12:20:26
71.73423,-148.25847,2021-03-17 12:30:27
71.73416,-148.26065,2021-03-17 12:40:26
71.73409,-148.26282,2021-03-17 12:50:26
71.73402,-148.26498,2021-03-17 13:00:25
71.73393,-148.26717,2021-03-17 13:10:26
71.73386,-148.26935,2021-03-17 13:20:26
71.73378,-148.27151,2021-03-17 13:30:26
71.73374,-148.27368,2021-03-17 13:40:25
71.73367,-148.27582,2021-03-17 13:50:25
71.73359,-148.27795,2021-03-17 14:00:25
71.73352,-148.28009,2021-03-17 14:10:24
71.73344,-148.28224,2021-03-17 14:20:25
71.73338,-148.28439,2021-03-17 14:30:25
71.73331,-148.28653,2021-03-17 14:40:25
71.73324,-148.28862,2021-03-17 14:50:25
71.73315,-148.29071,2021-03-17 15:00:25
71.73307,-148.29289,2021-03-17 15:10:54
71.73299,-148.29488,2021-03-17 15:20:26
71.73292,-148.29698,2021-03-17 15:30:24
71.73284,-148.29912,2021-03-17 15:40:25
71.73276,-148.30128,2021-03-17 15:50:25
71.73268,-148.30347,2021-03-17 16:00:25
71.73257,-148.30569,2021-03-17 16:10:25
71.73246,-148.30792,2021-03-17 16:20:25
71.73232,-148.31012,2021-03-17 16:30:25
71.73221,-148.31242,2021-03-17 16:40:25
71.73206,-148.31467,2021-03-17 16:50:25
71.73192,-148.31694,2021-03-17 17:00:26
71.73178,-148.31924,2021-03-17 17:10:26
71.73164,-148.32156,2021-03-17 17:20:26
71.73151,-148.32393,2021-03-17 17:30:26
71.7314,-148.32628,2021-03-17 17:40:26
71.73127,-148.32866,2021-03-17 17:50:26
71.73119,-148.33118,2021-03-17 18:00:55
71.73113,-148.33342,2021-03-17 18:10:25
71.73105,-148.3358,2021-03-17 18:20:26
71.73093,-148.33817,2021-03-17 18:30:26
71.7308,-148.3405,2021-03-17 18:40:26
71.73067,-148.34282,2021-03-17 18:50:27
71.73055,-148.34515,2021-03-17 19:00:25
71.73041,-148.34746,2021-03-17 19:10:25
71.73028,-148.3497,2021-03-17 19:20:25
71.73014,-148.35193,2021-03-17 19:30:24
71.73001,-148.35417,2021-03-17 19:40:25
71.72989,-148.35638,2021-03-17 19:50:25
71.72976,-148.35858,2021-03-17 20:00:25
71.72964,-148.36076,2021-03-17 20:10:25
71.72952,-148.36295,2021-03-17 20:20:25
71.72941,-148.36514,2021-03-17 20:30:25
71.72929,-148.36732,2021-03-17 20:40:24
71.72916,-148.36955,2021-03-17 20:50:24
71.72904,-148.3718,2021-03-17 21:00:25
71.72891,-148.37399,2021-03-17 21:10:25
71.72878,-148.37624,2021-03-17 21:20:25
71.72865,-148.37849,2021-03-17 21:30:25
71.72849,-148.38078,2021-03-17 21:40:25
71.72836,-148.38313,2021-03-17 21:50:26
71.7282,-148.38554,2021-03-17 22:00:54
71.72805,-148.38774,2021-03-17 22:10:25
71.7279,-148.39005,2021-03-17 22:20:25
71.72776,-148.3924,2021-03-17 22:30:26
71.72762,-148.39476,2021-03-17 22:40:26
71.72749,-148.39713,2021-03-17 22:50:26
71.72736,-148.39954,2021-03-17 23:00:26
71.72723,-148.40193,2021-03-17 23:10:26
71.72711,-148.40437,2021-03-17 23:20:26
71.72702,-148.4068,2021-03-17 23:30:26
71.72684,-148.40927,2021-03-17 23:40:26
71.72669,-148.41176,2021-03-17 23:50:26
71.72655,-148.41423,2021-03-18 00:00:26
71.7264,-148.4167,2021-03-18 00:10:26
71.72626,-148.41914,2021-03-18 00:20:26
71.72612,-148.4216,2021-03-18 00:30:27
71.72599,-148.42404,2021-03-18 00:40:25
71.72588,-148.42647,2021-03-18 00:50:26
71.72575,-148.42896,2021-03-18 01:00:54
71.72565,-148.43121,2021-03-18 01:10:25
71.72552,-148.43356,2021-03-18 01:20:25
71.7254,-148.43594,2021-03-18 01:30:25
71.72527,-148.43829,2021-03-18 01:40:25
71.72514,-148.44063,2021-03-18 01:50:25
71.72498,-148.44295,2021-03-18 02:00:25
71.72488,-148.44521,2021-03-18 02:10:25
71.72477,-148.44743,2021-03-18 02:20:25
71.72396,-148.46095,2021-03-18 03:31:34
71.72379,-148.46254,2021-03-18 03:40:26
71.72363,-148.46416,2021-03-18 03:50:25
71.72344,-148.46577,2021-03-18 04:00:25
71.7233,-148.46733,2021-03-18 04:10:25
71.72314,-148.46877,2021-03-18 04:20:26
71.72295,-148.47029,2021-03-18 04:30:26
71.72275,-148.47191,2021-03-18 04:40:26
71.72253,-148.47356,2021-03-18 04:50:26
71.72229,-148.47511,2021-03-18 05:00:26
71.72216,-148.47673,2021-03-18 05:10:26
71.72196,-148.47823,2021-03-18 05:20:26
71.72176,-148.47963,2021-03-18 05:30:26
71.72158,-148.48108,2021-03-18 05:40:25
71.72138,-148.48257,2021-03-18 05:50:26
71.72118,-148.48419,2021-03-18 06:00:55
71.721,-148.48558,2021-03-18 06:10:26
71.72082,-148.48703,2021-03-18 06:20:26
71.72065,-148.48843,2021-03-18 06:30:25
71.72048,-148.48976,2021-03-18 06:40:25
71.72032,-148.49103,2021-03-18 06:50:25
71.72016,-148.49225,2021-03-18 07:00:24
71.72002,-148.49342,2021-03-18 07:10:24
71.71992,-148.49454,2021-03-18 07:20:25
71.71986,-148.49562,2021-03-18 07:30:25
71.71972,-148.49654,2021-03-18 07:40:24
71.7196,-148.49745,2021-03-18 07:50:25
71.71947,-148.4984,2021-03-18 08:00:25
71.71933,-148.49934,2021-03-18 08:10:25
71.71921,-148.50034,2021-03-18 08:20:25
71.71909,-148.50121,2021-03-18 08:30:24
71.719,-148.50206,2021-03-18 08:40:25
71.7189,-148.50284,2021-03-18 08:50:25
71.71883,-148.50369,2021-03-18 09:00:25
71.7187,-148.50449,2021-03-18 09:10:26
71.71854,-148.50525,2021-03-18 09:20:26
71.71837,-148.50601,2021-03-18 09:30:54
71.71822,-148.50674,2021-03-18 09:40:26
71.71806,-148.50748,2021-03-18 09:50:25
71.71793,-148.50816,2021-03-18 10:00:26
71.71779,-148.50877,2021-03-18 10:10:26
71.71761,-148.50937,2021-03-18 10:20:26
71.71747,-148.51001,2021-03-18 10:30:26
71.71733,-148.51073,2021-03-18 10:40:26
71.71722,-148.51147,2021-03-18 10:50:26
71.71718,-148.51208,2021-03-18 11:00:25
71.71697,-148.5128,2021-03-18 11:10:26
71.7168,-148.51335,2021-03-18 11:20:26
71.71662,-148.51392,2021-03-18 11:30:26
71.71644,-148.51451,2021-03-18 11:40:25
71.71625,-148.51515,2021-03-18 11:50:25
71.71602,-148.51576,2021-03-18 12:00:54
71.71579,-148.51628,2021-03-18 12:10:25
71.71556,-148.51686,2021-03-18 12:20:25
71.71532,-148.51741,2021-03-18 12:30:25
71.7151,-148.5179,2021-03-18 12:40:26
71.7149,-148.51837,2021-03-18 12:50:25
71.71472,-148.51892,2021-03-18 13:00:25
71.71457,-148.51938,2021-03-18 13:10:24
71.71442,-148.51982,2021-03-18 13:20:25
71.71429,-148.52028,2021-03-18 13:30:25
71.71416,-148.52078,2021-03-18 13:40:24
71.71404,-148.52124,2021-03-18 13:50:25
71.71391,-148.52179,2021-03-18 14:00:25
71.71378,-148.52228,2021-03-18 14:10:25
71.71364,-148.52269,2021-03-18 14:20:26
71.71346,-148.5231,2021-03-18 14:30:26
71.7133,-148.52347,2021-03-18 14:40:26
71.71313,-148.52371,2021-03-18 14:50:26
71.71297,-148.52385,2021-03-18 15:00:26
71.71288,-148.52396,2021-03-18 15:10:55
71.71283,-148.52411,2021-03-18 15:20:26
71.71271,-148.52434,2021-03-18 15:30:26
71.71256,-148.52446,2021-03-18 15:40:26
71.71243,-148.52457,2021-03-18 15:50:25
71.71233,-148.52467,2021-03-18 16:00:26
71.71223,-148.5248,2021-03-18 16:10:25
71.71215,-148.52489,2021-03-18 16:20:25
71.71206,-148.52492,2021-03-18 16:30:27
71.71188,-148.52495,2021-03-18 16:40:25
71.7117,-148.52486,2021-03-18 16:50:25
71.71153,-148.52473,2021-03-18 17:00:25
71.71139,-148.52464,2021-03-18 17:10:25
71.71124,-148.52458,2021-03-18 17:20:24
71.71107,-148.52448,2021-03-18 17:30:25
71.7109,-148.5244,2021-03-18 17:40:25
71.71078,-148.52426,2021-03-18 17:50:25
71.71063,-148.52412,2021-03-18 18:00:54
71.71049,-148.52397,2021-03-18 18:10:26
71.71032,-148.5238,2021-03-18 18:20:25
71.71014,-148.52361,2021-03-18 18:30:25
71.71,-148.52335,2021-03-18 18:40:26
71.70982,-148.52303,2021-03-18 18:50:26
71.70962,-148.52266,2021-03-18 19:00:26
71.70941,-148.52231,2021-03-18 19:10:26
71.70919,-148.52191,2021-03-18 19:20:26
71.70899,-148.52147,2021-03-18 19:30:26
71.70879,-148.52106,2021-03-18 19:40:26
71.70858,-148.52065,2021-03-18 19:50:26
71.70837,-148.52017,2021-03-18 20:00:26
71.70813,-148.51961,2021-03-18 20:10:26
71.70786,-148.51913,2021-03-18 20:20:26
71.70761,-148.51868,2021-03-18 20:30:25
71.70739,-148.51808,2021-03-18 20:40:25
71.70715,-148.51756,2021-03-18 20:50:24
71.70689,-148.51712,2021-03-18 21:00:25
71.70662,-148.51663,2021-03-18 21:10:25
71.7063,-148.51619,2021-03-18 21:20:25
71.70598,-148.51572,2021-03-18 21:30:25
71.70571,-148.51514,2021-03-18 21:40:25
71.70539,-148.51447,2021-03-18 21:50:26
71.70513,-148.51392,2021-03-18 22:00:54
71.70486,-148.51324,2021-03-18 22:10:25
71.7046,-148.51245,2021-03-18 22:20:24
71.70431,-148.51181,2021-03-18 22:30:25
71.70403,-148.51122,2021-03-18 22:40:25
71.70379,-148.51076,2021-03-18 22:50:25
71.70355,-148.51036,2021-03-18 23:00:25
71.70329,-148.50998,2021-03-18 23:10:25
71.70304,-148.50975,2021-03-18 23:20:25
71.70286,-148.50955,2021-03-18 23:30:24
71.70262,-148.50941,2021-03-18 23:40:27
71.70243,-148.50929,2021-03-18 23:50:26
71.70223,-148.50934,2021-03-19 00:00:26
71.70198,-148.50951,2021-03-19 00:10:26
71.70168,-148.50987,2021-03-19 00:20:26
71.70129,-148.51048,2021-03-19 00:30:26
71.70093,-148.51123,2021-03-19 00:40:26
71.7006,-148.51205,2021-03-19 00:50:27
71.70029,-148.51291,2021-03-19 01:00:54
71.69998,-148.51379,2021-03-19 01:10:26
71.69973,-148.51489,2021-03-19 01:20:26
71.6995,-148.51639,2021-03-19 01:30:26
71.69927,-148.51814,2021-03-19 01:40:26
71.69908,-148.52002,2021-03-19 01:50:26
71.69888,-148.52193,2021-03-19 02:00:25
71.69862,-148.52399,2021-03-19 02:10:25
71.69833,-148.52608,2021-03-19 02:20:25
71.69807,-148.52818,2021-03-19 02:30:24
71.69779,-148.53036,2021-03-19 02:40:25
71.69753,-148.53246,2021-03-19 02:50:25
71.69727,-148.53452,2021-03-19 03:00:25
71.69703,-148.53654,2021-03-19 03:10:25
71.69674,-148.53854,2021-03-19 03:20:25
71.69652,-148.54044,2021-03-19 03:30:25
71.69635,-148.5423,2021-03-19 03:40:25
71.69612,-148.54417,2021-03-19 03:50:25
71.6958,-148.54607,2021-03-19 04:00:54
71.69552,-148.54779,2021-03-19 04:10:26
71.6953,-148.5495,2021-03-19 04:20:26
71.69508,-148.55115,2021-03-19 04:30:25
71.69483,-148.55275,2021-03-19 04:40:25
71.6946,-148.55432,2021-03-19 04:50:25
71.69443,-148.55585,2021-03-19 05:00:25
71.69427,-148.55746,2021-03-19 05:10:25
71.69415,-148.55893,2021-03-19 05:20:25
71.69402,-148.56029,2021-03-19 05:30:24
71.69383,-148.56165,2021-03-19 05:40:26
71.69369,-148.56281,2021-03-19 05:50:26
71.69355,-148.56384,2021-03-19 06:00:26
71.69341,-148.56482,2021-03-19 06:10:26
71.69331,-148.56573,2021-03-19 06:20:26
71.69328,-148.56664,2021-03-19 06:30:55
71.69328,-148.5674,2021-03-19 06:40:26
71.69324,-148.56818,2021-03-19 06:50:26
71.69321,-148.56886,2021-03-19 07:00:25
71.69317,-148.56949,2021-03-19 07:10:26
71.6931,-148.57007,2021-03-19 07:20:26
71.69303,-148.57062,2021-03-19 07:30:26
71.69289,-148.57115,2021-03-19 07:40:26
71.69272,-148.57172,2021-03-19 07:50:25
71.69258,-148.57237,2021-03-19 08:00:25
71.69246,-148.57297,2021-03-19 08:10:25
71.69233,-148.5735,2021-03-19 08:20:24
71.69223,-148.57391,2021-03-19 08:30:25
71.69215,-148.57425,2021-03-19 08:40:26
71.69209,-148.57449,2021-03-19 08:50:25
71.69202,-148.57468,2021-03-19 09:00:25
71.69197,-148.57498,2021-03-19 09:10:25
71.69187,-148.57523,2021-03-19 09:20:25
71.69172,-148.57558,2021-03-19 09:30:54
71.69157,-148.57584,2021-03-19 09:40:26
71.69142,-148.57607,2021-03-19 09:50:24
71.69128,-148.57632,2021-03-19 10:00:25
71.69113,-148.57661,2021-03-19 10:10:25
71.69096,-148.57692,2021-03-19 10:20:25
71.6908,-148.57719,2021-03-19 10:30:25
71.69067,-148.5775,2021-03-19 10:40:25
71.69061,-148.57787,2021-03-19 10:50:25
71.69048,-148.57826,2021-03-19 11:00:25
71.69034,-148.57864,2021-03-19 11:10:26
71.6902,-148.5788,2021-03-19 11:20:27
71.69009,-148.57896,2021-03-19 11:30:26
71.68999,-148.57918,2021-03-19 11:40:26
71.68993,-148.57936,2021-03-19 11:50:26
71.68988,-148.57954,2021-03-19 12:00:55
71.68977,-148.57968,2021-03-19 12:10:26
71.68967,-148.57986,2021-03-19 12:20:26
71.68961,-148.58012,2021-03-19 12:30:25
71.68958,-148.58035,2021-03-19 12:40:26
71.68951,-148.5806,2021-03-19 12:50:26
71.68939,-148.58098,2021-03-19 13:00:26
71.68932,-148.58121,2021-03-19 13:10:26
71.68922,-148.58134,2021-03-19 13:20:25
71.68904,-148.58157,2021-03-19 13:40:25
71.68895,-148.58168,2021-03-19 13:50:25
71.68886,-148.58176,2021-03-19 14:00:25
71.68877,-148.58185,2021-03-19 14:10:25
71.68867,-148.58194,2021-03-19 14:20:25
71.6886,-148.58202,2021-03-19 14:30:25
71.68851,-148.58203,2021-03-19 14:40:25
71.68844,-148.58208,2021-03-19 14:50:25
71.68835,-148.58209,2021-03-19 15:00:54
71.68826,-148.58212,2021-03-19 15:10:26
71.68815,-148.58217,2021-03-19 15:20:25
71.68804,-148.58229,2021-03-19 15:30:25
71.68792,-148.58235,2021-03-19 15:40:25
71.6878,-148.5824,2021-03-19 15:50:25
71.68767,-148.5825,2021-03-19 16:00:25
71.68752,-148.58264,2021-03-19 16:10:25
71.68738,-148.58278,2021-03-19 16:20:26
71.68722,-148.58295,2021-03-19 16:30:26
71.68707,-148.58308,2021-03-19 16:40:26
71.6869,-148.58319,2021-03-19 16:50:26
71.68676,-148.58327,2021-03-19 17:00:26
71.68662,-148.58331,2021-03-19 17:10:26
71.6865,-148.58334,2021-03-19 17:20:25
71.68636,-148.58344,2021-03-19 17:30:26
71.6862,-148.58354,2021-03-19 17:40:26
71.68605,-148.58371,2021-03-19 17:50:26
71.68598,-148.58382,2021-03-19 18:00:54
71.68597,-148.58383,2021-03-19 18:10:26
71.68597,-148.58386,2021-03-19 18:20:25
71.68596,-148.58386,2021-03-19 18:30:24
71.68596,-148.58383,2021-03-19 18:50:25
71.68596,-148.58382,2021-03-19 19:00:25
71.68594,-148.58385,2021-03-19 19:20:25
71.68589,-148.58385,2021-03-19 19:30:28
71.68594,-148.58398,2021-03-19 19:40:26
71.68593,-148.58417,2021-03-19 19:50:26
71.68588,-148.5844,2021-03-19 20:00:25
71.68586,-148.58463,2021-03-19 20:10:25
71.68577,-148.58487,2021-03-19 20:20:25
71.68565,-148.58517,2021-03-19 20:30:25
71.6856,-148.58542,2021-03-19 20:40:25
71.68559,-148.58572,2021-03-19 20:50:25
71.68556,-148.58615,2021-03-19 21:00:25
71.68538,-148.58676,2021-03-19 21:10:26
71.68518,-148.58727,2021-03-19 21:20:26
71.68495,-148.58766,2021-03-19 21:30:26
71.68467,-148.58841,2021-03-19 21:40:27
71.68462,-148.58922,2021-03-19 21:50:55
71.68459,-148.58974,2021-03-19 22:00:26
71.68445,-148.59024,2021-03-19 22:10:26
71.68435,-148.59053,2021-03-19 22:20:26
71.68427,-148.59085,2021-03-19 22:30:25
71.68409,-148.59123,2021-03-19 22:40:26
71.684,-148.59166,2021-03-19 22:50:26
71.68395,-148.59206,2021-03-19 23:00:26
71.68374,-148.59207,2021-03-19 23:10:25
71.6836,-148.59221,2021-03-19 23:20:25
71.68345,-148.59236,2021-03-19 23:30:25
71.6833,-148.5925,2021-03-19 23:40:25
71.68313,-148.59268,2021-03-19 23:50:24
71.68296,-148.593,2021-03-20 00:00:54
71.68291,-148.59314,2021-03-20 00:10:26
71.68289,-148.59317,2021-03-20 00:20:25
71.68289,-148.59331,2021-03-20 00:30:26
71.68268,-148.59383,2021-03-20 00:40:25
71.68253,-148.59453,2021-03-20 00:50:25
71.68232,-148.59512,2021-03-20 01:00:25
71.68211,-148.59563,2021-03-20 01:10:25
71.68192,-148.59612,2021-03-20 01:20:25
71.68172,-148.59663,2021-03-20 01:30:24
71.68154,-148.59709,2021-03-20 01:40:24
71.68138,-148.5975,2021-03-20 01:50:25
71.68124,-148.59789,2021-03-20 02:00:25
71.68108,-148.59827,2021-03-20 02:10:25
71.68095,-148.59862,2021-03-20 02:20:25
71.68084,-148.59894,2021-03-20 02:30:25
71.68074,-148.5993,2021-03-20 02:40:25
71.68062,-148.59966,2021-03-20 02:50:54
71.68053,-148.59987,2021-03-20 03:00:26
71.68044,-148.60013,2021-03-20 03:10:25
71.68042,-148.6003,2021-03-20 03:20:26
71.68036,-148.60059,2021-03-20 03:30:26
71.68031,-148.60078,2021-03-20 03:40:26
71.68026,-148.60104,2021-03-20 03:50:26
71.68024,-148.60121,2021-03-20 04:00:26
71.68017,-148.6015,2021-03-20 04:10:26
71.68011,-148.60178,2021-03-20 04:20:26
71.68007,-148.60213,2021-03-20 04:30:26
71.68003,-148.60237,2021-03-20 04:40:25
71.67998,-148.60265,2021-03-20 04:50:26
71.67993,-148.60294,2021-03-20 05:00:26
71.67988,-148.60318,2021-03-20 05:10:26
71.67981,-148.60341,2021-03-20 05:20:26
71.67976,-148.60361,2021-03-20 05:30:26
71.67971,-148.60371,2021-03-20 05:40:25
71.67964,-148.60385,2021-03-20 05:50:25
71.67957,-148.6041,2021-03-20 06:00:54
71.6795,-148.60426,2021-03-20 06:10:25
71.67947,-148.60435,2021-03-20 06:20:25
71.67942,-148.60445,2021-03-20 06:30:25
71.67939,-148.60451,2021-03-20 06:40:25
71.6794,-148.60451,2021-03-20 06:50:25
71.67939,-148.60452,2021-03-20 07:00:25
71.67937,-148.60455,2021-03-20 07:10:25
71.6793,-148.60475,2021-03-20 07:20:25
71.67924,-148.60493,2021-03-20 07:30:24
71.67919,-148.6051,2021-03-20 07:40:25
71.67918,-148.60519,2021-03-20 07:50:25
71.67913,-148.60536,2021-03-20 08:00:25
71.67909,-148.60551,2021-03-20 08:10:26
71.67906,-148.60571,2021-03-20 08:20:25
71.67905,-148.6059,2021-03-20 08:30:26
71.67901,-148.60605,2021-03-20 08:40:24
71.67901,-148.60625,2021-03-20 08:50:25
71.67899,-148.6064,2021-03-20 09:00:26
71.67897,-148.60654,2021-03-20 09:10:26
71.67896,-148.6067,2021-03-20 09:20:55
71.67893,-148.60686,2021-03-20 09:30:26
71.67892,-148.60701,2021-03-20 09:40:26
71.67889,-148.60715,2021-03-20 09:50:26
71.67888,-148.60732,2021-03-20 10:00:25
71.67886,-148.60748,2021-03-20 10:10:26
71.67886,-148.60764,2021-03-20 10:20:26
71.67883,-148.6078,2021-03-20 10:30:26
71.67882,-148.60797,2021-03-20 10:40:24
71.67879,-148.60814,2021-03-20 10:50:25
71.67877,-148.60831,2021-03-20 11:00:25
71.67876,-148.60851,2021-03-20 11:10:24
71.67875,-148.60869,2021-03-20 11:20:25
71.67873,-148.60889,2021-03-20 11:30:25
71.67872,-148.6091,2021-03-20 11:40:25
71.6787,-148.60931,2021-03-20 11:50:25
71.67869,-148.60951,2021-03-20 12:00:54
71.67867,-148.60976,2021-03-20 12:10:26
71.67866,-148.61,2021-03-20 12:20:24
71.67863,-148.61028,2021-03-20 12:30:25
71.67861,-148.61057,2021-03-20 12:40:26
71.6786,-148.61086,2021-03-20 12:50:25
71.67858,-148.61116,2021-03-20 13:00:25
71.67857,-148.61145,2021-03-20 13:10:25
71.67855,-148.61174,2021-03-20 13:20:25
71.67854,-148.61206,2021-03-20 13:30:24
71.6785,-148.61238,2021-03-20 13:40:26
71.67847,-148.61272,2021-03-20 13:50:26
71.67846,-148.61305,2021-03-20 14:00:26
71.67843,-148.61342,2021-03-20 14:10:26
71.67841,-148.61377,2021-03-20 14:20:26
71.67839,-148.61414,2021-03-20 14:30:26
71.67837,-148.61447,2021-03-20 14:40:25
71.67835,-148.61484,2021-03-20 14:50:26
71.67832,-148.6152,2021-03-20 15:00:54
71.67831,-148.61554,2021-03-20 15:10:26
71.67829,-148.61591,2021-03-20 15:20:25
71.67828,-148.61627,2021-03-20 15:30:25
71.67827,-148.61659,2021-03-20 15:40:24
71.67826,-148.61691,2021-03-20 15:50:25
71.67824,-148.6172,2021-03-20 16:00:25
71.67822,-148.61748,2021-03-20 16:10:25
71.67822,-148.61774,2021-03-20 16:20:25
71.67822,-148.61798,2021-03-20 16:30:25
71.6782,-148.61827,2021-03-20 16:40:25
71.6782,-148.61852,2021-03-20 16:50:25
71.67819,-148.61871,2021-03-20 17:00:25
71.67818,-148.61896,2021-03-20 17:10:25
71.67818,-148.61919,2021-03-20 17:20:25
71.67818,-148.61937,2021-03-20 17:30:25
71.67817,-148.61955,2021-03-20 17:40:25
71.67817,-148.61975,2021-03-20 17:50:55
71.67816,-148.6199,2021-03-20 18:00:26
71.67816,-148.62007,2021-03-20 18:10:26
71.67816,-148.62025,2021-03-20 18:20:26
71.67815,-148.62044,2021-03-20 18:30:26
71.67815,-148.62062,2021-03-20 18:40:26
71.67814,-148.62082,2021-03-20 18:50:25
71.67813,-148.62097,2021-03-20 19:00:27
71.67813,-148.62122,2021-03-20 19:10:26
71.67813,-148.62143,2021-03-20 19:20:26
71.67812,-148.62169,2021-03-20 19:30:26
71.67812,-148.62192,2021-03-20 19:40:25
71.67812,-148.62218,2021-03-20 19:50:25
71.67812,-148.6225,2021-03-20 20:00:54
71.67812,-148.62279,2021-03-20 20:10:26
71.67813,-148.62309,2021-03-20 20:20:25
71.67814,-148.62343,2021-03-20 20:30:25
71.67815,-148.62381,2021-03-20 20:40:25
71.67815,-148.62416,2021-03-20 20:50:25
71.67815,-148.62456,2021-03-20 21:00:25
71.67815,-148.62498,2021-03-20 21:10:25
71.67815,-148.62543,2021-03-20 21:20:24
71.67818,-148.62595,2021-03-20 21:30:27
71.67816,-148.62634,2021-03-20 21:40:26
71.67816,-148.62682,2021-03-20 21:50:25
71.67816,-148.6273,2021-03-20 22:00:25
71.67816,-148.62782,2021-03-20 22:10:25
71.67815,-148.62834,2021-03-20 22:20:25
71.67815,-148.62886,2021-03-20 22:30:25
71.67815,-148.62943,2021-03-20 22:40:26
71.67814,-148.62999,2021-03-20 22:50:26
71.67812,-148.63057,2021-03-20 23:00:55
71.67812,-148.63112,2021-03-20 23:10:26
71.6781,-148.63173,2021-03-20 23:20:26
71.6781,-148.63232,2021-03-20 23:30:26
71.67809,-148.6329,2021-03-20 23:40:26
71.67808,-148.63351,2021-03-20 23:50:25
71.67807,-148.63414,2021-03-21 00:00:25
71.67805,-148.63478,2021-03-21 00:10:26
71.67805,-148.63544,2021-03-21 00:20:27
71.67805,-148.63615,2021-03-21 00:30:26
